Narrative,"Not enough money for basic necessities (food, clothing, transportation, housing, healthcare etc.)",Not enough money for wants (entertainment and recreation),Concerns about owing money,Concerns about money for emergencies,Financial security
"Today was one of those days where everything seemed to go wrong. Waking up to an empty wallet, I realized I didn't have enough money to cover my basic necessities. Skipping breakfast, I rushed to catch the crowded train, praying I wouldn't get caught without a ticket. As classes went by, my growling stomach became a constant reminder of my financial struggles. With each passing hour, the weight of not being able to afford proper healthcare or even a decent meal seemed to crush me. But amidst these challenges, I remained determined to find a way to overcome these daily hassles and create a better future for myself.",1,0,0,0,0
"Today was a tough day. Waking up with an empty stomach, I realized I didn't have enough money for basic necessities like food, clothing, transportation, housing, and even healthcare. It's a constant struggle to make ends meet as an undergraduate student at DLSU. Despite working part-time, expenses seem to always outweigh my income. But I remain hopeful that things will improve. I know that with perseverance and determination, I will find a way to overcome these daily hassles and create a better future for myself.",1,0,0,0,0
"Today was just another day of juggling my responsibilities as a DLSU undergraduate student. However, the constant worry about not having enough money for basic necessities always weighs me down. From struggling to afford nutritious meals to worrying about transportation expenses, it's a never-ending cycle of stress. The reality of not having enough funds for healthcare or even basic clothing adds to the daily challenges. Despite these daily hassles, I strive to stay focused on my studies and make the most out of the opportunities that DLSU provides.",1,0,0,0,0
"So today was a typical day of being a struggling undergraduate student at DLSU. Waking up, I realized that my bank account was nearly empty, leaving me with not enough money for even the basic necessities. As I rummaged through my closet, I found myself wearing the same clothes I had worn for the past week. Skipping breakfast, I hopped on the crowded public transportation to make it to class on time. Throughout the day, thoughts of how I'll afford my next meal, pay my rent, and cover my healthcare expenses lingered in my mind. It's a constant battle, but I know that perseverance will eventually guide me through these daily financial hassles.",1,0,0,0,0
"Today was a challenging day as a student at DLSU. I woke up feeling overwhelmed with the constant worry of not having enough money for basic necessities. My stomach grumbled as I walked past the food stalls on campus, unable to afford a decent meal. I wore the same worn-out clothes as yesterday, and my worn-out shoes were struggling to keep up with my busy schedule. Public transportation fares kept increasing, making it harder to commute to school. The thought of not being able to afford proper healthcare or a stable housing situation weighed heavily on my mind. But despite these daily hassles, I remain determined to continue my education and find a way to overcome these financial struggles.",1,0,0,0,0
"Today was another challenging day as an undergraduate student at DLSU. Waking up to the reality of not having enough money for basic necessities is a constant struggle. Skipping meals and relying on the kindness of friends for sustenance has become the norm. The lack of funds for transportation makes every journey to and from campus a daunting task. The burden of not being able to afford proper clothing and housing weighs heavily on my mind. Health concerns linger, as healthcare expenses seem like a luxury. Amidst these daily hassles, I strive to stay focused on my studies, hoping that one day, these financial difficulties will be a thing of the past.",1,0,0,0,0
"So, here's the thing. Being an undergraduate student at DLSU is no walk in the park. I wake up every morning with a knot in my stomach, worrying about not having enough money to cover my basic necessities. From the moment I step out of my dorm room, I am constantly calculating every cent I spend. I have to make tough choices like whether to buy a decent meal or settle for a cheap snack, whether to take the bus or walk to save on transportation costs. It's a daily struggle to make ends meet and ensure I have the essentials to survive. It's not glamorous, but it's my reality as an undergraduate student.",1,0,0,0,0
"Today was another challenging day as an undergraduate student at DLSU. I woke up with the constant worry of not having enough money for basic necessities like food, clothing, transportation, housing, and healthcare. The struggle to make ends meet has become a daily hassle. Despite working part-time and receiving financial aid, it's still difficult to cover all expenses. However, I remain hopeful and determined, knowing that education is the key to a better future. I'll continue to persevere and seek opportunities to overcome these financial constraints.",1,0,0,0,0
"Today was a tough day at DLSU. As an undergraduate student, I faced the daily hassle of not having enough money for basic necessities. I skipped breakfast and relied on the kindness of friends for lunch. Walking to and from school became my mode of transportation due to the lack of funds for commuting. It's disheartening to see my classmates enjoying their meals and having the means to comfortably navigate through university life. However, I remain hopeful that things will improve, and I will find a way to overcome these financial challenges.",1,0,0,0,0
"Today was a challenging day as I struggled with the daily hassle of not having enough money for basic necessities. I had to carefully budget my limited funds, prioritizing which essentials to buy. I skipped breakfast and opted for a cheaper mode of transportation to save money. My worn-out clothes reminded me of my financial struggles. It's disheartening to constantly worry about housing and healthcare expenses. Despite these hardships, I remain determined to work hard and complete my education, hoping for a brighter future.",1,0,0,0,0
"So, it was just another typical day in my life as an undergraduate student at DLSU. As usual, I woke up with a knot in my stomach, worrying about not having enough money for basic necessities. The thought of not being able to afford proper food, clothing, transportation, housing, and healthcare weighed heavily on my mind. It's a constant struggle, juggling between part-time jobs and studying, just to make ends meet. But despite the daily hassle, I remain determined to persevere and work hard to overcome these financial challenges, hoping for a brighter future ahead.",1,0,0,0,0
"Today was another challenging day as an undergraduate student at DLSU. I woke up feeling anxious about not having enough money for basic necessities like food, clothing, transportation, housing, and healthcare. It's tough to focus on my studies when financial worries constantly loom over my head. I had to skip breakfast and walk to campus due to lack of transportation fare. As I sat in class, my mind wandered, contemplating how to make ends meet. Despite these daily hassles, I remained determined to persevere and find a way to overcome these financial hurdles.",1,0,0,0,0
"So, it was just another typical day as an undergraduate student at DLSU. As I woke up, the first thought that crossed my mind was the constant worry about not having enough money for basic necessities. It was a struggle to make ends meet, with limited funds for food, clothing, transportation, housing, and even healthcare. But despite these daily hassles, I pushed through, determined to pursue my dreams and achieve a better future. With unwavering resilience, I tackled the challenges of the day, hoping that someday my hard work would pay off and alleviate these financial burdens.",1,0,0,0,0
"Today was a typical day as an undergraduate student at DLSU, filled with daily hassles. Waking up, I realized I didn't have enough money for basic necessities like food, clothing, transportation, housing, and healthcare. It's a constant struggle to make ends meet, juggling part-time jobs and studies. I had to skip breakfast again and walk to campus, feeling the weight of financial stress. As the day went on, I couldn't help but worry about how I would afford my next meal or pay for textbooks. It's a tough reality, but I remain determined to overcome these obstacles and create a better future.",1,0,0,0,0
"So, today started off like any other typical day in the life of a struggling DLSU undergraduate student. As I woke up, the first thing that hit me was the realization that I had yet again run out of money for basic necessities. It's a constant struggle to juggle between affording food, clothing, transportation, housing, and healthcare. But despite the daily hassles, I push through, determined to make the most out of my education and hopeful that someday things will get better.",1,0,0,0,0
"So, today was another typical day as an undergraduate student at DLSU. Waking up early in the morning, I realized that I was running low on funds again. It's always a struggle to make ends meet, especially when it comes to basic necessities like food, clothing, transportation, housing, and healthcare. I had to carefully plan my expenses and cut down on unnecessary things. But despite these daily hassles, I try my best to stay positive and focused on my studies, hoping that one day I'll be able to overcome these financial challenges and create a better future for myself.",1,0,0,0,0
"Today was just like any other day, filled with the usual daily hassles that come with being an undergraduate student. One of the biggest challenges I faced was not having enough money for basic necessities. It was a constant struggle to afford food, clothing, transportation, housing, and healthcare. I had to carefully budget every penny to make ends meet, often sacrificing some of my needs. Despite these financial difficulties, I remained determined to pursue my education and hoped for a better future.",1,0,0,0,0
"So, today started off like any other day in my life as an undergraduate student at DLSU. I woke up early in the morning, feeling the weight of the daily hassles that come with being a student. One of the most prominent issues I face is not having enough money for basic necessities like food, clothing, transportation, housing, and healthcare. It's a constant struggle to make ends meet and ensure that I can afford these vital things. However, despite the hardships, I try to remain positive and hopeful that things will get better in the future.",1,0,0,0,0
"So, it was just another typical day for me as an undergraduate student at DLSU. As I woke up, I realized that I was running low on funds again. The constant struggle to afford basic necessities like food, clothing, and transportation was weighing heavily on my mind. I tried to stay positive, reminding myself that I was lucky to have a roof over my head and access to education. Nonetheless, the daily hassle of not having enough money for essential expenses was a constant reminder of the challenges I faced as a student.",1,0,0,0,0
"Today was just like any other day for me as an undergraduate student at DLSU. However, the constant struggle of not having enough money for basic necessities weighed heavily on my mind. I had to carefully budget my expenses, making difficult choices between buying food, clothing, or paying for transportation. Housing and healthcare seemed like distant dreams. Despite these daily hassles, I remained determined to persevere and work hard towards a brighter future.",1,0,0,0,0
"Today was another challenging day as an undergraduate student at DLSU. I woke up with the constant worry of not having enough money for basic necessities. It's tough to focus on my studies when thoughts of food, clothing, transportation, housing, and healthcare keep creeping into my mind. Despite these daily hassles, I remain determined to push through. I know that my education will eventually lead me to a better future where these worries will be a thing of the past.",1,0,0,0,0
"So, today was one of those days when everything seemed to go wrong. I woke up feeling stressed and overwhelmed, and as I got ready for the day, I realized that I barely had enough money to cover my basic necessities. It's a constant struggle to balance my limited student budget with the rising cost of living. I had to skip breakfast and walk to class because I couldn't afford transportation. Throughout the day, I couldn't stop worrying about how I would manage to pay for my next meal, let alone afford decent housing or healthcare. It's tough being an undergraduate student, constantly juggling academics and financial struggles.",1,0,0,0,0
"Today was a typical day at DLSU, packed with classes and deadlines. However, the constant worry about not having enough money for basic necessities loomed over me. I skipped breakfast to save a few pesos, and walked to school instead of taking transportation. My worn-out clothes reminded me of my limited budget, and I couldn't help but wonder how I would afford healthcare if needed. Despite these daily hassles, I remained determined to persevere and make the most out of my education.",1,0,0,0,0
"Today was another challenging day as an undergraduate student at DLSU. The constant struggle of not having enough money for basic necessities like food, clothing, transportation, and housing seemed to weigh heavily on my mind. I found myself constantly juggling between prioritizing my education and trying to make ends meet. It's disheartening to see my peers enjoying a carefree college life while I worry about healthcare expenses and the rising cost of living. Nonetheless, I remain determined to persevere and find a way to overcome these daily financial hassles.",1,0,0,0,0
"Today was a typical day as an undergraduate student at DLSU, filled with the usual daily hassles. Unfortunately, one of the major challenges I faced was not having enough money for basic necessities. It was disheartening to constantly worry about affording food, clothing, transportation, housing, and healthcare. This financial strain added immense stress to my already demanding academic life. Nevertheless, I tried to remain optimistic, seeking support from friends and exploring possible solutions such as part-time jobs. Despite these hardships, I remained determined to overcome these obstacles and continue pursuing my dreams.",1,0,0,0,0
"So, it was just another typical day in the life of a struggling undergraduate student at DLSU. I woke up with the nagging worry of not having enough money to cover my basic necessities. As I rushed to class, I skipped breakfast to save some cash. Throughout the day, I couldn't help but constantly worry about how I would afford my next meal, transportation, and even healthcare expenses. It's a constant battle to make ends meet, but I try to stay positive and hopeful that things will get better soon.",1,0,0,0,0
"Today was a typical day as a struggling undergraduate student at DLSU. Waking up, I realized that my bank account was running on empty, leaving me with not enough money for basic necessities. I had to skip breakfast and wear the same worn-out clothes. Public transportation was my only option, making me late for class once again. The constant worry of not being able to afford proper housing or healthcare added to the weight on my shoulders. Despite these daily hassles, I pushed through, hoping for a brighter tomorrow.",1,0,0,0,0
"So, today was one of those days when I found myself struggling with the daily hassles of being an undergraduate student at DLSU. As I woke up, I realized that I didn't have enough money to cover my basic necessities. The thought of not being able to afford food, clothing, transportation, housing, or even healthcare weighed heavily on my mind. It's frustrating to see my peers enjoying their college life while I constantly worry about making ends meet. But despite these challenges, I remain determined to work hard and find a way to overcome these financial setbacks.",1,0,0,0,0
"So, it's another typical day for me as an undergraduate student at DLSU. As I wake up, the first hassle that greets me is the constant worry about not having enough money to cover my basic necessities. From struggling to afford a decent meal to finding affordable clothing and transportation options, financial constraints seem to always loom over my head. It's a daily battle to make ends meet, but I try to stay positive and motivated, knowing that my education will lead me to a brighter future.",1,0,0,0,0
"Today was a typical day as an undergrad at DLSU, but the constant struggle of not having enough money for basic necessities weighed heavily on my mind. I skipped breakfast to save a few pesos for transportation. As I walked to class, I couldn't help but notice how worn out my shoes looked. The reality of not being able to afford new ones haunted me. I couldn't concentrate in class, as the fear of not having enough money for rent and healthcare kept creeping into my thoughts. It was a constant battle to focus on my studies while worrying about my basic needs.",1,0,0,0,0
"So, like, today was one of those days where I felt the struggle of being a broke college student. As I woke up, I realized I had not enough moolah to spend on entertainment or recreation. No spontaneous movie nights or impromptu mall trips for me. It's a bummer, but hey, at least I've got my textbooks to keep me company. Gotta make the most out of what I've got, right? It's all about embracing the simple joys and finding creative ways to have fun without breaking the bank.",0,1,0,0,0
"So, today was a typical day for me as a college student at DLSU. I woke up feeling excited about the day ahead, but as soon as I checked my wallet, reality hit me hard. Not having enough money for entertainment and recreation has become a common hassle in my life. I had to let go of the idea of going out with friends or catching a movie. Instead, I spent the day studying at the library and finding free activities to keep myself entertained. It's not always easy, but I've learned to make the most of what I have.",0,1,0,0,0
"Today was a typical day filled with the usual struggles of being a broke college student. As I walked through the university campus, I couldn't help but feel envious of my friends who were able to indulge in entertainment and recreation. With not enough money in my pocket, I had to resist the urge to join them in their fun activities. Instead, I focused on finding free alternatives to keep myself entertained, reminding myself that my financial limitations were only temporary.",0,1,0,0,0
"Today was a typical day as an undergraduate student at DLSU. As usual, I woke up early, attended my classes, and worked on assignments. However, a daily hassle that constantly lingered over me was not having enough money for entertainment and recreation. It was frustrating to see my friends enjoying outings and fun activities while I had to limit my spending. Nonetheless, I reminded myself that education was my priority, and I needed to make sacrifices. So, I focused on my studies, hoping that better days would come when I could indulge in the things I enjoyed without financial worries.",0,1,0,0,0
"Today was another typical day as an undergraduate student at DLSU. I woke up feeling excited about the day ahead, but as soon as I checked my wallet, I realized I didn't have enough money for any entertainment or recreation. It's frustrating when all my friends plan fun activities and I have to miss out due to financial constraints. However, I reminded myself that my education is the priority, and I can always find free or low-cost alternatives to have a good time. Despite the hassle, I remained determined to make the most of my day.",0,1,0,0,0
"Today was a typical day at DLSU, filled with the usual hustle and bustle. However, the constant nagging of not having enough money for entertainment and recreation was a recurring hassle. As my friends excitedly planned a movie night, I found myself counting my meager coins, unable to join in. It's disheartening to see others enjoy leisure activities while I struggle to make ends meet. But, despite the financial setbacks, I remain determined to find joy in other simple pleasures, reminding myself that sometimes, the best things in life don't come with a price tag.",0,1,0,0,0
"Today was just another typical day as an undergraduate student at DLSU. Waking up early and rushing to catch the first train, I couldn't help but feel a pang of disappointment as I realized that I didn't have enough money for entertainment and recreation. As I passed by the campus bookstore and saw the latest bestsellers on display, I couldn't help but long for a moment of escape from my academic responsibilities. Oh, how I wished I had some spare cash to enjoy a movie or indulge in some recreational activities. But alas, it was just another day of focusing on my studies and counting down the days until my next allowance.",0,1,0,0,0
"So, today was just like any other day at DLSU. Waking up early for my morning classes, rushing to make it on time, and trying to stay awake during lectures. But the daily hassle that always gets to me is not having enough money for my wants, like entertainment and recreation. It's tough seeing my friends going out to enjoy themselves while I have to stay back and count my coins. But hey, it's all part of the college experience, right? Gotta learn to appreciate the little things and find joy in the simple pleasures.",0,1,0,0,0
"So, it was another typical day in the life of a broke college student at DLSU. As I walked through the campus, I couldn't help but notice my friends excitedly discussing their weekend plans for entertainment and recreation. Meanwhile, I found myself counting every penny in my pocket, realizing I didn't have enough money to join them. It's frustrating to constantly miss out on the fun and excitement, but I guess that's just the reality of being a student on a tight budget.",0,1,0,0,0
"Today was quite a struggle as I battled the perpetual issue of not having enough money for my wants, particularly entertainment and recreation. As an undergraduate student from DLSU, my budget is tight, and splurging on fun activities is a luxury I can rarely afford. While my friends enjoyed the latest movies or indulged in delicious meals, I had to opt for more affordable alternatives. However, I reminded myself that this financial constraint is temporary, and the satisfaction of working hard towards my goals will eventually outweigh these daily hassles.",0,1,0,0,0
"Today was a typical day in my life as an undergraduate student at DLSU, filled with its fair share of daily hassles. As I woke up and prepared for the day ahead, a lingering worry weighed on my mind - not having enough money for my wants, particularly entertainment and recreation. While my academic pursuits kept me occupied, the desire to unwind and enjoy some leisure activities constantly reminded me of my financial limitations. Nonetheless, I remained determined to find affordable ways to have fun, reminding myself that success lies not only in material extravagance but also in embracing life's simple pleasures.",0,1,0,0,0
"Today was a typical day at DLSU, filled with lectures and assignments. As an undergraduate student, I often face the daily hassle of not having enough money for my wants, particularly entertainment and recreation. It's frustrating to see my friends enjoying outings and movies while I have to restrict myself due to financial constraints. However, I remind myself that education is my priority, and these sacrifices will pay off in the long run.",0,1,0,0,0
"Today was a typical day in my life as an undergrad at DLSU, filled with the usual daily hassles. One of the major challenges I faced was not having enough money for my wants, particularly entertainment and recreation. It's frustrating to see my friends enjoying outings and movies while I have to sacrifice those experiences due to financial constraints. However, I try to find joy in little things, like spending time with friends on campus or exploring free activities around the city. Despite the lack of funds, I remind myself that this phase is temporary and that someday I'll be able to enjoy all the entertainment and recreation I desire.",0,1,0,0,0
"So, today was another typical day in my life as an undergraduate student at DLSU. As usual, I woke up with the realization that I didn't have enough money to fulfill my wants, especially when it comes to entertainment and recreation. It's frustrating because I see my friends enjoying their leisure activities, while I have to constantly budget and prioritize my expenses. But hey, it's all part of the college experience, right? I'll just have to find creative ways to have fun without breaking the bank.",0,1,0,0,0
"Today was a typical day as an undergraduate student at DLSU, but it came with its fair share of daily hassles. As I woke up, I realized I didn't have enough money for entertainment and recreation, which left me feeling a bit down. However, I reminded myself that academics should be my priority and that I could find joy in simple pleasures. So, I spent the day studying in the library and catching up with friends over cheap coffee. Although my wants were not fulfilled, I still managed to make the most of my day in a less extravagant way.",0,1,0,0,0
"So today was a typical day for me as an undergraduate student at DLSU. I woke up feeling excited about the day ahead, but also a bit stressed. You see, I've been dealing with the daily hassle of not having enough money for my wants, particularly entertainment and recreation. It can be frustrating at times, especially when my friends plan outings or events that I can't afford to join. But despite this setback, I try to stay positive and focus on the things I can enjoy within my limited budget, like spending time with friends on campus or exploring free activities around the city. It's not always easy, but I've learned to find joy in the simple pleasures and make the most of what I have.",0,1,0,0,0
"Today was a typical day in the life of a struggling undergraduate student at DLSU. Waking up early in the morning, I couldn't help but feel a pang of disappointment knowing that I didn't have enough money for entertainment and recreation. While my friends planned to catch a movie or dine out, I had to decline due to financial constraints. Instead, I spent the day studying at the library, hoping that one day I will have the means to enjoy the simple pleasures in life without worrying about money.",0,1,0,0,0
"Today was another typical day as an undergraduate student at DLSU. I woke up feeling excited for the day ahead, but as I checked my wallet, I realized that I didn't have enough money for my entertainment and recreational needs. It was quite disappointing, as I had been looking forward to catching a movie with my friends after a long week of studying. However, I reminded myself that there are other ways to have fun without spending too much. So instead, we decided to have a movie night at home, making the best out of our limited resources. It turned out to be a memorable and enjoyable evening, proving that sometimes, the simplest pleasures can bring the most happiness.",0,1,0,0,0
"Today was quite a struggle as I woke up with a realization that my pockets were emptier than usual. The daily hassle of not having enough money for entertainment and recreation struck me hard. I had to pass on joining my friends for a movie night and opted for a quiet evening at home, scrolling through social media instead. Though it was disheartening, it reminded me of the importance of budgeting and prioritizing my expenses as an undergraduate student.",0,1,0,0,0
"Today was just another typical day as an undergraduate student at DLSU. I woke up feeling excited about the day ahead, but as soon as I checked my wallet, reality hit me hard. Not having enough money for entertainment and recreation has become a daily hassle. It's frustrating to see my friends enjoying themselves while I have to constantly budget and prioritize my expenses. Despite this, I try to find joy in simple pleasures and focus on my studies, hoping that one day I can indulge in the leisure activities I dream of.",0,1,0,0,0
"So today started off like any other day at DLSU, with classes and assignments piling up. As an undergraduate student, I constantly find myself struggling with not having enough money for my wants, especially when it comes to entertainment and recreation. It can be quite frustrating seeing my friends go out and have fun while I have to stay in due to financial constraints. But despite these daily hassles, I try to remain positive and find creative ways to enjoy myself without breaking the bank. Whether it's organizing movie nights with friends or exploring free events around the city, I've learned to appreciate the little joys in life that don't require a hefty price tag.",0,1,0,0,0
"So, today was just another typical day as an undergraduate student at DLSU. Waking up early, I grabbed my backpack and headed to class. As I walked through the campus, I couldn't help but notice all the tempting entertainment and recreational activities happening around me. The only problem was, I never seemed to have enough money to indulge in these wants. It's frustrating, but hey, at least I have my studies to keep me occupied. One day, I'll have the means to enjoy all the fun things this campus has to offer.",0,1,0,0,0
"So, today was a typical day in my life as an undergraduate student at DLSU. Waking up early, rushing through morning routines, and heading off to class. As the day went on, I couldn't help but feel a pang of disappointment as I realized I didn't have enough money for my wants, like entertainment and recreation. While my friends planned outings or movie nights, I had to decline, knowing that my tight budget couldn't accommodate such luxuries. It's frustrating, but I remind myself that sacrifices now will pay off in the future.",0,1,0,0,0
"Today was a typical day at DLSU, filled with academic pursuits and the usual daily hassles. As an undergraduate student, one of the main challenges I face is not having enough money for my wants, especially when it comes to entertainment and recreation. It can be frustrating to see my friends enjoying fun activities while I have to limit myself due to financial constraints. However, I try to stay positive and make the most out of the free or inexpensive options available, such as exploring the campus, attending student organization events, or simply spending quality time with friends. Despite the financial limitations, I strive to find joy in the little things and appreciate the experiences that don't require a hefty price tag.",0,1,0,0,0
"So, today was a typical day as an undergraduate student at DLSU. Waking up early, attending classes, and dealing with the daily hassles. One of the biggest challenges is always not having enough money for my wants, like entertainment and recreation. It's tough seeing my friends going out and having fun while I have to stay in due to financial constraints. But hey, it's all part of the journey, and I know that hard work and perseverance will eventually pay off.",0,1,0,0,0
"Today was a typical day at DLSU, filled with the usual hustle and bustle. As an undergraduate student, I found myself facing the daily hassle of not having enough money for my wants, like entertainment and recreation. Yearning to unwind and destress, I longed for a movie night with friends or a visit to a nearby amusement park. However, my tight budget forced me to find alternative ways to have fun, such as exploring the campus and attending free events. Despite the financial constraints, I embraced the challenge and made the most out of my day, cherishing the small joys that came my way.",0,1,0,0,0
"So, it was just another typical day as an undergraduate student at DLSU. As I woke up, I couldn't help but think about the limited funds in my wallet. The constant struggle of not having enough money for entertainment and recreation always weighed on my mind. Although I yearned for some fun and relaxation, I knew I had to prioritize my expenses wisely. With a sigh, I reminded myself that this temporary sacrifice would be worth it in the long run.",0,1,0,0,0
"Today was another typical day in the life of a broke college student. As I woke up and checked my bank account, reality hit me hard - there simply wasn't enough money for my wants. The thought of going out with friends or enjoying some recreational activities seemed like a distant dream. Instead, I had to settle for studying at the library and finding free ways to entertain myself. It may be a hassle, but I've learned to appreciate the little joys that don't require spending a dime.",0,1,0,0,0
"Today was a typical day for me as an undergraduate student at DLSU. As I woke up, I couldn't help but feel a pang of disappointment knowing that I didn't have enough money to indulge in entertainment and recreation. It's frustrating to see my friends enjoying their leisure activities while I have to prioritize my limited funds for necessities. Nevertheless, I reminded myself that this sacrifice is temporary and that my education is a valuable investment. So, I focused on my studies, hoping that one day I will have the means to enjoy the little luxuries in life.",0,1,0,0,0
"So, today started off like any other day of an average college student. I woke up late, rushed to get ready, and grabbed a quick breakfast before heading to class. As I sat through lectures, my mind kept wandering to all the fun activities and entertainment I wanted to indulge in. But alas, the reality hit me hard - my limited funds couldn't cover any of those desires. The struggle of not having enough money for entertainment and recreation constantly loomed over me, forcing me to prioritize my expenses and find solace in the simple joys of campus life.",0,1,0,0,0
"So, today was quite a hassle for me as an undergraduate student from DLSU. I couldn't help but constantly worry about owing money. With tuition fees, textbooks, and daily expenses, it feels like a never-ending cycle of financial stress. It's tough to focus on my studies when financial concerns are constantly at the back of my mind. But, I try to stay positive and motivated, knowing that education is an investment in my future.",0,0,1,0,0
"Today was just another day filled with worries and concerns about owing money. As an undergraduate student from DLSU, I constantly find myself juggling between paying tuition fees, buying textbooks, and covering my daily expenses. It's a constant struggle to manage my finances and ensure that I don't fall into debt. It's exhausting to constantly worry about money, but I remind myself that this is just a temporary phase and that my education will eventually pay off.",0,0,1,0,0
"So, today was quite a hassle. I woke up with concerns about owing money, as my student loan payment was due. It was stressful trying to figure out how to manage my finances while juggling my studies. I had to constantly remind myself to stay focused and not let this worry consume me. Thankfully, I was able to find a part-time job that would help ease the financial burden. It's a constant struggle, but I'm determined to overcome it and continue pursuing my dreams.",0,0,1,0,0
"Today was a typical day at DLSU, but my mind was preoccupied with concerns about owing money. As I walked through the campus, I couldn't help but think about the looming deadline for tuition payment. It weighed heavily on my shoulders, overshadowing my excitement for classes and extracurricular activities. I knew I had to find a way to settle this financial burden soon, but for now, my day was plagued with worries about money and the consequences of falling behind.",0,0,1,0,0
"Today was a typical day at DLSU, but my concerns about owing money kept nagging at me. I had to constantly worry about meeting my financial obligations while trying to focus on my studies. It was a constant source of stress and distraction. However, I reminded myself to stay positive and focused, knowing that I was working hard to overcome this obstacle and create a better future for myself.",0,0,1,0,0
"So, it's just another typical day for me at DLSU. I wake up feeling a bit anxious, as concerns about owing money cloud my mind. As I rush to get ready, the weight of my financial obligations weighs heavily on my shoulders. Throughout the day, I find myself constantly distracted, trying to come up with a plan to tackle this burden. However, amidst all the stress, I remind myself to stay positive and focused on my studies, knowing that hard work will eventually pay off.",0,0,1,0,0
"So, today was quite a rollercoaster ride for me. As an undergrad student at DLSU, one of my daily hassles revolves around concerns about owing money. You see, tuition fees, textbooks, and other expenses can really add up. Today, I had a moment of panic when I realized I forgot to pay my phone bill, and the due date was fast approaching. However, after a quick call to my parents, they assured me they would take care of it. Phew! It's a relief to have such supportive parents who understand the struggles of being a student.",0,0,1,0,0
"So, today has been quite a day. I woke up with concerns about owing money hanging over my head. As an undergraduate student from DLSU, managing finances can sometimes be a hassle. I spent the morning crunching numbers and devising a budget plan to ensure I stay on top of my expenses. It's frustrating at times, but I know it's all part of the journey towards independence and success. Despite the daily hassles, I'm determined to make the most out of my time at DLSU and emerge stronger from these challenges.",0,0,1,0,0
"So, today was just one of those days when concerns about owing money seemed to hang over my head like a dark cloud. As an undergraduate student from DLSU, managing my finances can be quite challenging. From tuition fees to daily expenses, it feels like a never-ending cycle of financial stress. But despite the constant worries, I try to stay focused and motivated, knowing that this is just a temporary phase in my journey towards a brighter future.",0,0,1,0,0
"Today was quite a hassle for me. I woke up with concerns about owing money to my friend for a borrowed textbook. It weighed on my mind throughout the day, distracting me from my classes. I kept thinking about how and when I could repay him. It's frustrating to have this financial burden hanging over me, but I know I need to find a solution soon.",0,0,1,0,0
"As an undergrad student from DLSU, my day started off with concerns about owing money. I had borrowed some cash from a friend to pay for my textbooks, but I couldn't help but worry about how I would repay them in time. Throughout the day, this thought lingered in the back of my mind, causing a constant sense of unease. It was a reminder that financial struggles are a part of student life, and I needed to find a way to manage my expenses more effectively.",0,0,1,0,0
"Today was a typical day at DLSU, filled with the usual hustle and bustle. As an undergraduate student, I couldn't help but feel concerned about owing money. With tuition fees, textbooks, and daily expenses piling up, it's a constant worry in the back of my mind. However, I try to stay positive and motivated, reminding myself that education is an investment in my future. Despite these financial hassles, I remain determined to make the most out of my college experience and strive for success.",0,0,1,0,0
"So, today was quite a rollercoaster of a day. First off, I woke up with this nagging concern about owing money. It's not like I'm drowning in debt or anything, but sometimes the thought of pending expenses can really weigh you down. Nevertheless, I tried to push those worries aside and focused on my classes. It's funny how a simple lecture can momentarily distract you from life's little hassles. But as soon as the day ended, those concerns came rushing back, reminding me that adulthood comes with its fair share of financial headaches. Well, tomorrow is a new day, and hopefully, I can find a way to ease this burden.",0,0,1,0,0
"So, today was quite a hassle-filled day for me. First and foremost, I couldn't help but worry about owing money. Being an undergraduate student at DLSU, expenses tend to pile up, and it had been weighing heavily on my mind. To add to my worries, I had to deal with the usual daily grind of classes, assignments, and deadlines. It felt like a never-ending cycle of stress and anxiety, but I tried my best to stay positive and focused on finding ways to manage my finances more efficiently.",0,0,1,0,0
"So, today started off with concerns about owing money. As an undergraduate student from DLSU, budgeting is crucial, and unexpected expenses can really throw me off balance. I spent the morning figuring out ways to manage my finances better and finding part-time jobs to ease the burden. It's not easy, but I'm determined to overcome this hurdle and ensure a brighter future. With a positive mindset, I headed to class, ready to conquer the day.",0,0,1,0,0
"So, today started off with concerns about owing money. As an undergraduate student, managing finances can be quite challenging. But instead of dwelling on it, I decided to focus on my studies and seek ways to earn extra income. Despite the hassle, I pushed through the day with determination and a positive mindset. With the support of my friends and family, I know I can overcome this obstacle and turn it into a valuable learning experience.",0,0,1,0,0
"So, today was just one of those days where everything seemed to go wrong. I woke up with concerns about owing money, which instantly put a damper on my mood. As I rushed to class, my laptop decided to crash, leaving me in a panic as I desperately tried to recover my files. To top it off, I realized I had forgotten my lunch at home, and the cafeteria line was incredibly long. It felt like the universe was conspiring against me. But hey, tomorrow is a new day, and hopefully, it won't be filled with the same daily hassles. Fingers crossed.",0,0,1,0,0
"So, today was one of those days where I couldn't help but stress about owing money. As an undergraduate student at DLSU, expenses can pile up quickly. From tuition fees to books and daily necessities, it sometimes feels like a never-ending cycle of financial worries. Today, I found myself constantly checking my bank account, hoping that somehow a miracle would happen and all my debts would disappear. Despite the constant concern, I managed to get through the day with determination, reminding myself that hard work and perseverance will eventually lead me to a more stable financial state.",0,0,1,0,0
"So, I woke up this morning with concerns about owing money. My mind was occupied with thoughts of upcoming bills and loans that needed to be settled. As I rushed to get ready for my classes, the weight of this financial burden seemed to follow me everywhere. It's frustrating to constantly worry about money as an undergraduate student, but I know I have to keep pushing forward and find ways to manage my expenses. Despite the daily hassles, I strive to stay focused on my studies and remain hopeful that things will eventually fall into place.",0,0,1,0,0
"Today started off with the usual hustle and bustle of being an undergraduate student at DLSU. As I stepped into the campus, concerns about owing money clouded my mind. The looming due dates for tuition fees and other expenses weighed heavily on me. Despite the stress, I reminded myself to stay focused and dedicated to my studies. With determination, I embraced the challenges of the day, knowing that hard work will eventually pay off.",0,0,1,0,0
"Today was another day filled with the usual undergraduate struggles. As I rushed to class, concerns about owing money lingered in the back of my mind. The constant reminders of tuition fees, textbooks, and other expenses weighed heavily on me. Trying to balance my studies and part-time job seemed like a never-ending juggling act. However, amidst the daily hassles, I reminded myself that perseverance and hard work would eventually lead me to a brighter future.",0,0,1,0,0
"So, today started off with concerns about owing money. I woke up to a text message from my friend reminding me about the money I borrowed from him for last night's dinner. It completely slipped my mind! Feeling guilty, I immediately messaged him, apologizing for the delay in repayment and assuring him that I would return the money as soon as possible. It's frustrating to deal with unexpected expenses and forgetfulness, but I'm determined to sort it out and learn from this experience.",0,0,1,0,0
"So, today was quite a rollercoaster. Woke up to another day of college life filled with concerns about owing money. As I rushed to catch my morning class, my mind was preoccupied with thoughts of how to manage my expenses. During lunch, my friends suggested going out for a meal, but I had to decline, feeling guilty about spending more money. Thankfully, a surprise message from my parents came through, offering to help me out. A wave of relief washed over me, reminding me that even amidst financial struggles, there's always a silver lining.",0,0,1,0,0
"So, today started off with concerns about owing money. As an undergraduate student from DLSU, managing finances can be quite challenging. I had to juggle between paying for tuition fees, textbooks, and daily expenses. It's a constant worry, especially when unexpected expenses arise. However, I reminded myself to stay calm and focused. I made a budget plan, prioritized my expenses, and looked for part-time jobs to ease the burden. It may be a hassle, but I believe that with determination and resourcefulness, I can conquer these financial challenges and thrive in my academic journey.",0,0,1,0,0
"Today was a typical day at DLSU, filled with classes, assignments, and the constant hustle and bustle of student life. However, there was an underlying concern that nagged at me throughout the day - owing money. As a broke undergraduate student, the weight of unpaid bills and mounting debts constantly loomed over me. It was difficult to focus on my studies when financial worries clouded my mind. Nevertheless, I pushed through, determined to find a solution and alleviate this daily hassle.",0,0,1,0,0
"So, like, today was such a stressful day for me. I couldn't stop worrying about the money I owe. It's been bugging me for a while now, and it's starting to take a toll on my mental health. I kept thinking about how I'm going to pay it off, and it's been giving me major anxiety. I really hope I can find a way to sort this out soon because it's becoming a major hassle in my life.",0,0,1,0,0
"So, my day started off pretty rough. I woke up with concerns about owing money. The looming deadline for my tuition payment was causing me a lot of stress. As I made my way to campus, these worries weighed heavily on my mind, making it hard to focus on my classes. Throughout the day, I couldn't shake off the nagging feeling of financial uncertainty. It was a constant hassle that overshadowed everything else, making me long for a solution to this predicament.",0,0,1,0,0
"Today was quite a hectic day for me. As an undergraduate student from DLSU, I had to juggle between attending classes, completing assignments, and dealing with concerns about owing money. It's always a constant worry in the back of my mind, making it difficult to fully concentrate on my studies. However, I try my best to stay focused and optimistic, reminding myself that perseverance and hard work will eventually pay off. Despite the daily hassles, I remain determined to overcome these challenges and achieve my goals.",0,0,1,0,0
"So, today was quite a day. Woke up with the usual concerns about owing money, like the never-ending tuition fees and textbook expenses. As I rushed to catch the train, my card got declined at the turnstile, adding to my stress. Thankfully, my friend swooped in to save the day with some spare change. In class, I couldn't concentrate, constantly worrying about how to manage my finances. But hey, at least I made it through the day. Tomorrow's another battle.",0,0,1,0,0
"So, today was one of those days where I couldn't help but be concerned about owing money. As an undergraduate student from DLSU, managing finances can be quite challenging. From tuition fees to daily expenses, it feels like a never-ending cycle. But I try to stay positive and focus on finding part-time jobs and scholarships to alleviate the burden. It may be a hassle, but I know that with determination and hard work, I'll overcome this hurdle and forge a better future for myself.",0,0,1,0,0
"Today was a typical day as a DLSU undergraduate student. Waking up early, attending classes, and juggling assignments kept me busy. However, in the back of my mind, concerns about money for emergencies were always present. As I walked through the campus, I couldn't help but worry about unexpected expenses that could arise. It's a constant struggle to balance my studies and financial worries, but I remain hopeful that my hard work will pay off in the end.",0,0,0,1,0
"So, today was quite a day. Woke up with concerns about money for emergencies, as always. Had to skip breakfast to save a few bucks. Rushed to class, praying I wouldn't miss my bus. Got stuck in traffic, of course. Ended up being late, and my professor gave me the stink eye. Spent the whole day trying to focus on lectures, but my mind kept wandering to financial worries. At least I managed to grab a cheap lunch from the campus cafeteria. Can't wait for the day when I won't have to stress about emergencies anymore.",0,0,0,1,0
"So, today started off with the usual hustle and bustle of being a student at DLSU. As I rushed to my morning classes, concerns about money for emergencies kept nagging at the back of my mind. With tuition fees, transportation costs, and daily expenses, it's hard to set aside funds for unexpected situations. It's a constant worry, but I try to stay positive and focus on my studies. After all, education is an investment for a better future, and I trust that things will work out eventually.",0,0,0,1,0
"So, today was quite a rollercoaster of a day. Woke up feeling a little worried about money for emergencies - being an undergrad student, it's always a concern. Rushed to class, barely making it on time. As if that wasn't enough, my laptop decided to crash during an important presentation. Panicking, I had to borrow a classmate's laptop to salvage the situation. Later, I realized I left my wallet at home and had to beg a friend for lunch money. Thankfully, the day ended on a positive note when I found out I won a scholarship that will ease some of my financial worries. Phew!",0,0,0,1,0
"So, today started off like any typical day for me as an undergraduate student at DLSU. As I hurriedly got ready for my morning classes, I couldn't help but feel a constant concern about money for emergencies lingering in the back of my mind. With limited financial resources, unexpected expenses can feel overwhelming. However, I reminded myself to stay positive and focused on my studies, hoping that someday these concerns would be a thing of the past.",0,0,0,1,0
"So, today was just another day as an undergrad student at DLSU. As I rushed to my first class, concerns about money for emergencies kept nagging at the back of my mind. Being on a tight budget, unexpected expenses like medical bills or car repairs seemed like a nightmare. However, I reminded myself that worrying wouldn't solve anything and focused on making the most out of my day.",0,0,0,1,0
"So, today was one of those days where I couldn't help but worry about money for emergencies. As an undergraduate student at DLSU, unexpected expenses always seem to pop up at the most inconvenient times. Whether it's a sudden need for textbooks or a medical emergency, it's always a constant concern. Despite my tight budget, I try my best to save a little each month in case of any unforeseen circumstances. It's a constant juggling act, but I know that being prepared is crucial.",0,0,0,1,0
"So, today started off like any other day for me as an undergraduate student from DLSU. Waking up early, getting ready for class, and rushing to catch the shuttle. But amidst the hustle and bustle, concerns about money for emergencies kept nagging at the back of my mind. As I listened to the lecture, I couldn't help but worry about unexpected expenses and how I would manage them. It's a constant source of stress, but I try to stay positive and hopeful that things will work out somehow.",0,0,0,1,0
"Today has been quite a rollercoaster of emotions. As an undergrad student at DLSU, my mind is always preoccupied with concerns about money for emergencies. It's a constant hassle, juggling between paying for tuition fees, books, and daily expenses. However, despite these worries, I try to stay positive and remind myself that every obstacle is an opportunity for growth. With determination and hard work, I believe I can overcome these financial hurdles and create a brighter future for myself.",0,0,0,1,0
"So, I wake up this morning and as usual, my mind is already racing with thoughts about money. Being an undergraduate student at DLSU, I constantly worry about having enough funds for emergencies. Today, I received a notification about an upcoming field trip that requires a contribution, and it instantly adds to my concerns. I start brainstorming ways to cut costs and save more, hoping to build a safety net for unexpected expenses. It's just another day in the life of a broke college student, I guess.",0,0,0,1,0
"Today was quite a rollercoaster. Waking up late for my morning class was the least of my worries. As I rushed to catch the train, concerns about money for emergencies kept nagging at me. My laptop had suddenly crashed yesterday, and I couldn't afford to replace it. Amidst all the chaos, I found solace in knowing that I had my friends by my side. They reminded me that tough times pass, and together, we can conquer any hurdle.",0,0,0,1,0
"So, today was quite a rollercoaster. Woke up late, rushed to class, only to realize I forgot my wallet at home. Panic mode activated! My mind immediately went to concerns about money for emergencies. What if something happened and I needed cash? Thankfully, I spotted a friend who lent me some. Phew! Lesson learned: always double-check before leaving the house. Money matters can be such a hassle, but having supportive friends makes it a little easier.",0,0,0,1,0
"So, like, today was one of those days where I couldn't stop worrying about money for emergencies. As a broke college student, it's always a constant concern. I mean, what if something unexpected happens and I don't have enough cash to cover it? It's just another hassle on top of the pile of assignments and exams. Ugh, adulting is hard. But hey, at least I have my friends to lean on and support each other through these daily struggles. Together, we'll figure out how to conquer these financial worries and make it through the day.",0,0,0,1,0
"Today was a typical day at DLSU, filled with lectures, assignments, and daily hassles. One particular worry that constantly lingered in my mind was concerns about money for emergencies. As an undergraduate student, unexpected expenses can be quite daunting. Whether it's a sudden medical bill or a broken laptop, the uncertainty of having enough funds always leaves me on edge. However, I remind myself to stay focused, work hard, and save diligently, hoping that one day these concerns will be a thing of the past.",0,0,0,1,0
"Today was a typical day at DLSU, filled with lectures, assignments, and the constant hustle and bustle of university life. However, amidst the chaos, a nagging concern about money for emergencies lingered in the back of my mind. As a broke undergraduate student, any unexpected expenses would undoubtedly cause stress and anxiety. Despite this worry, I pushed through the day, hoping that my tight budget would hold up until the next payday.",0,0,0,1,0
"So, today was quite a rollercoaster of a day. Woke up to the usual hustle and bustle, but my mind was preoccupied with concerns about money for emergencies. As a broke college student, it's always a nagging worry. On my way to class, my phone suddenly died, leaving me panicking about how I would afford a new one. Thankfully, I found a small job opportunity on campus that might just save the day. Fingers crossed, this could be my ticket to financial stability and peace of mind.",0,0,0,1,0
"Today was quite a rollercoaster ride. Waking up late, I rushed to catch the bus, only to realize I forgot my wallet at home. Concerns about money for emergencies flooded my mind as I hurriedly borrowed some cash from a friend. Later, during a group project, my laptop unexpectedly crashed, causing panic and adding to my financial worries. Despite these hassles, I managed to get through the day, reminding myself to always prepare for unexpected expenses.",0,0,0,1,0
"Today was a typical day for me as a DLSU undergraduate student, but concerns about money for emergencies lingered in the back of my mind. As I rushed to catch the early morning class, I couldn't help but worry about unexpected expenses that might arise. The constant juggling of tuition fees, daily expenses, and the possibility of unforeseen emergencies added a layer of stress to my already hectic schedule. However, I remained hopeful, knowing that with perseverance and resourcefulness, I could overcome these financial hurdles and continue pursuing my education.",0,0,0,1,0
"So, today was quite a rollercoaster of emotions. Waking up, I couldn't help but worry about having enough money for emergencies. As an undergraduate student in DLSU, unexpected expenses always seem to pop up out of nowhere. From commuting mishaps to sudden health issues, the fear of not being financially prepared is a constant hassle. However, I try to stay positive and remind myself to save up for these potential emergencies, because being a student means being prepared for anything that comes my way.",0,0,0,1,0
"Today was a typical day at DLSU, but my mind was preoccupied with concerns about money for emergencies. As an undergraduate student, unexpected expenses often arise, and I constantly worry about being unprepared. Whether it's a sudden medical bill or a broken laptop, I constantly feel the need to save more to ensure I can handle any unforeseen circumstances. It's a daily hassle that weighs on my mind, but it also motivates me to work harder and be financially responsible.",0,0,0,1,0
"Today was a typical day as an undergrad at DLSU, but there was an underlying concern about money for emergencies that weighed on my mind. As I rushed between classes and met with friends, I couldn't shake off the worry of not having enough funds to handle unexpected situations. It's frustrating to constantly worry about financial stability while trying to focus on my studies. Despite this daily hassle, I remained determined to find a solution and make the most out of my time at the university.",0,0,0,1,0
"Today was just another typical day as an undergraduate student at DLSU. As I woke up this morning, concerns about money for emergencies immediately flooded my mind. With tuition fees, books, and daily expenses, saving up for unexpected situations seemed impossible. However, I reminded myself to stay positive and focused on finding part-time work opportunities and exploring scholarship options. Despite the daily hassle, I remained determined to overcome this financial hurdle and achieve my academic goals.",0,0,0,1,0
"Today was just like any other day, full of the usual undergraduate student struggles. As I walked through the bustling halls of DLSU, my mind was occupied with concerns about money for emergencies. The constant worry of not having enough funds for unexpected situations weighed heavily on my shoulders. With each passing day, I couldn't help but wonder how I would manage if something were to happen. Despite this ongoing hassle, I remained determined to focus on my studies and find ways to alleviate this financial burden.",0,0,0,1,0
"Today was quite a rollercoaster. Waking up late, I rushed to catch my morning class, only to realize I forgot my wallet at home. The fear of not having any money for emergencies haunted me throughout the day. After class, I received an unexpected call from my sister, informing me that our dog had fallen ill and required immediate medical attention. Panic set in as I realized I didn't have enough funds to cover the vet bills. It's moments like these that remind me of the constant concerns about money for emergencies that plague my daily life as an undergraduate student.",0,0,0,1,0
"Today was quite a challenging day for me as an undergraduate student at DLSU. I couldn't help but feel concerned about my lack of funds for emergencies. It's a constant worry that lingers in the back of my mind, making it hard to fully focus on my studies. I realized the importance of budgeting and saving up, but it's easier said than done. Nevertheless, I remain determined to overcome this hurdle and find ways to secure a safety net for unforeseen circumstances.",0,0,0,1,0
"Today was a typical day in my life as an undergraduate student at DLSU. Waking up early, I rushed to catch the bus, worrying about my dwindling savings. Concerns about money for emergencies constantly lingered in my mind, making me more cautious about my spending habits. Although I managed to attend my classes, the constant worry about unexpected expenses weighed heavily on me throughout the day. Despite these daily hassles, I remained determined to focus on my studies and find a way to overcome these financial challenges.",0,0,0,1,0
"So, today was quite a hectic day for me. I woke up with concerns about money for emergencies running through my mind. As an undergraduate student from DLSU, unexpected expenses can really throw me off balance. Throughout the day, I couldn't help but worry about how I would manage if any urgent situation arose. It's frustrating to constantly juggle between studies and financial worries, but I guess it's just a part of the student life. Hopefully, I can find a way to ease this burden soon.",0,0,0,1,0
"Today was another hectic day at school. As an undergrad student at DLSU, I had to juggle my classes, assignments, and extracurricular activities. On top of that, concerns about money for emergencies have been weighing on my mind. I constantly worry about unexpected expenses that might arise, from medical emergencies to unforeseen academic expenses. It's frustrating to be limited by financial constraints, but I try my best to stay focused and work hard, hoping that someday these worries will be a thing of the past.",0,0,0,1,0
"Today was quite a rollercoaster of emotions. Waking up late, I rushed to my first class, only to realize I forgot my wallet at home. The entire day, concerns about money for emergencies lingered in the back of my mind. As if that wasn't enough, my laptop suddenly crashed during an important group project, leaving me in a panic. Thankfully, a kind classmate offered to lend me some cash and our professor extended the deadline. Despite these daily hassles, I managed to make it through the day, reminding myself that challenges are just temporary bumps on the road to success.",0,0,0,1,0
"Today was a typical day at DLSU, filled with the usual hustle and bustle. However, in the back of my mind, concerns about money for emergencies lingered. As a struggling undergraduate student, unexpected expenses always seemed to crop up, causing stress and anxiety. Whether it was a sudden medical bill or a broken laptop, the fear of not having enough funds to cover these emergencies weighed heavily on my mind. Despite this constant worry, I tried to remain optimistic and focused on my studies, hoping that one day, I would be financially secure.",0,0,0,1,0
"Today was another typical day in my life as an undergraduate student at DLSU. I woke up early, eager to tackle the challenges that lay ahead. However, the constant worry about financial security loomed over me. As I rushed to catch the train, I couldn't help but think about the mounting expenses for tuition, books, and everyday necessities. Despite these daily hassles, I remained determined to give my best in my studies, hoping that all my hard work would pay off in the long run.",0,0,0,0,1
"Today was a typical day at DLSU, filled with the usual hustle and bustle. As an undergraduate student, one of my daily hassles is the constant worry about financial security. Balancing tuition fees, allowances, and daily expenses can be quite challenging. However, I am determined to find solutions by applying for scholarships, taking on part-time jobs, and managing my expenses wisely. Despite the occasional stress, I remain grateful for the opportunities DLSU provides, pushing me to strive for academic excellence while developing my skills to secure a better future.",0,0,0,0,1
"Today was just another challenging day as an undergraduate student at DLSU. Financial security remains a constant hassle, with tuition fees, transportation expenses, and daily necessities constantly weighing on my mind. Juggling part-time jobs and squeezing every penny has become the norm. Despite the struggles, I remain determined to pursue my education and secure a better future. With every hurdle I overcome, I am one step closer to achieving my goals.",0,0,0,0,1
"Today, as an undergraduate student from DLSU, my day started with the constant reminder of financial security. Waking up to unpaid bills and the pressure to make ends meet, I embarked on my daily journey to campus. Amidst the hustle and bustle of classes and assignments, the worry of not being able to afford textbooks or even a decent meal lingered in the back of my mind. However, I remained determined, knowing that education is the key to a brighter future.",0,0,0,0,1
"As a DLSU undergraduate student, financial security is a daily hassle that often weighs on my mind. Balancing tuition fees, daily expenses, and the occasional splurge can be quite challenging. From seeking part-time jobs to applying for scholarships, I constantly strive to ensure a stable financial situation. Although it can be stressful at times, I find solace in knowing that my hard work and determination will eventually lead me to financial stability, allowing me to fully focus on my studies and enjoy my time as a student.",0,0,0,0,1
"Today has been quite a challenging day for me as an undergraduate student at DLSU. One of the daily hassles that constantly burdens my mind is financial security. As I woke up this morning, I couldn't help but worry about how I would manage to afford my tuition, textbooks, and daily expenses. It's a constant battle to balance my studies and part-time job, all while trying to make ends meet. However, I remind myself that this struggle is temporary and that my determination will lead me to a brighter future.",0,0,0,0,1
"Today was a typical day at DLSU, filled with the usual hustle and bustle. However, one constant worry lingered in the back of my mind - financial security. As an undergraduate student, I find myself constantly juggling my studies and part-time job to make ends meet. The stress of managing expenses, tuition fees, and daily necessities often weighs heavily on me. Despite these challenges, I remain determined to pursue my education and work towards securing a brighter future.",0,0,0,0,1
"Today was a typical day in my life as an undergraduate student at DLSU, filled with the usual daily hassles. One of the main concerns on my mind is financial security. As I rushed to my morning classes, I couldn't help but worry about the mounting student loans and the ever-increasing cost of living. Balancing my academics and part-time job has become a constant juggling act, as I strive to make ends meet without compromising my studies. But despite the challenges, I remain determined to pursue my education and secure a brighter future.",0,0,0,0,1
"Today was another challenging day as an undergraduate student at DLSU. Financial security remains a constant hassle as I struggle to make ends meet. Balancing part-time jobs with coursework is a juggling act that often leaves me feeling mentally and physically drained. The constant worry about tuition fees, textbooks, and daily expenses adds a layer of stress to my already hectic schedule. Despite these daily struggles, I remain determined to persevere and achieve my educational goals, hoping that one day, all this hard work will pay off.",0,0,0,0,1
"Today was just like any other day as an undergraduate student at DLSU. The day started with the constant worry about financial security looming over me. From managing my monthly allowance to paying for tuition fees, it's a daily hassle that never seems to fade away. But despite the stress, I remained determined and focused on my studies, knowing that education is the key to a brighter future. With every lecture, assignment, and exam, I push forward, hoping that one day, all the sacrifices and struggles will pay off.",0,0,0,0,1
"Today was just another typical day as an undergraduate student at DLSU. Waking up early, I hopped on the jeepney to get to school, my mind preoccupied with thoughts of financial security. As I attended my classes, I couldn't help but worry about the mounting tuition fees and the constant struggle to make ends meet. It's a constant juggling act, trying to balance my studies and part-time job, all while hoping for a brighter future. But despite the daily hassles, I'm determined to persevere and make the most out of my college experience.",0,0,0,0,1
"Today was a typical day as an undergraduate student at DLSU, filled with the usual daily hassles. One of the main concerns that weighed on my mind was financial security. As I hurriedly made my way to class, I couldn't help but worry about the mounting expenses, from tuition fees to daily necessities. Juggling part-time work and academic demands, I constantly sought ways to ensure a stable income. Despite the challenges, I remained determined to overcome this hurdle and thrive in my studies, hopeful that my hard work would lead to a brighter future.",0,0,0,0,1
"Today was just another day in my life as an undergraduate student at DLSU. As I woke up and prepared for the day, the constant worry of financial security hung over me like a dark cloud. The ever-increasing tuition fees and the rising cost of living made it difficult to stay afloat. But despite the constant struggle, I was determined to give my best and make the most out of my education. With every step I took on campus, I reminded myself that this temporary hardship would pave the way for a brighter future.",0,0,0,0,1
"Today was another hectic day as an undergraduate student at DLSU. Waking up to the reality of financial insecurity weighed heavily on my mind. Calculating my expenses, I realized how limited my resources were. The constant struggle to balance academics and part-time work seemed never-ending. However, amidst the challenges, I found solace in the support of friends and the determination to overcome this hurdle. With unwavering faith, I reminded myself that these hardships would only make my future success all the more rewarding.",0,0,0,0,1
"Today was just another typical day as an undergraduate student at DLSU. Waking up early, I couldn't help but feel a sense of worry about my financial security. Tuition fees, textbooks, and daily expenses constantly lingered in my mind. Despite working part-time, it seemed like a never-ending struggle to make ends meet. However, I reminded myself that this hurdle was just a small bump on my journey towards success. With determination and the support of my loved ones, I knew I could overcome this daily hassle and pursue my dreams.",0,0,0,0,1
"Today was a typical day for me, as a struggling undergraduate student at DLSU. Financial security remains a constant hassle in my life, with tuition fees, textbooks, and daily expenses constantly weighing me down. I often find myself juggling part-time jobs and studies, just to make ends meet. However, despite the challenges, I remain determined to persevere and achieve my goals. Each day is a reminder of the sacrifices I make to secure a brighter future for myself.",0,0,0,0,1
"Today was another typical day in college. I woke up early to attend my morning classes, but my mind was preoccupied with the constant worry about financial security. As a struggling undergraduate student, I constantly find myself juggling part-time jobs and student loans just to make ends meet. While I try to stay focused on my studies, the stress of financial instability always weighs heavily on my shoulders. Despite these daily hassles, I remain determined to persevere and work towards a brighter future.",0,0,0,0,1
"Today was a typical day in my life as an undergraduate student at DLSU, filled with its usual daily hassles. Financial security remained a constant concern, as I navigated through the day with limited resources. From carefully budgeting my meals to searching for affordable textbooks and part-time job opportunities, the struggle to maintain a stable financial footing became an integral part of my routine. Despite these challenges, I persevered, reminding myself that this phase was temporary and that my education was worth every penny.",0,0,0,0,1
"Today was just like any other day for me as an undergraduate student at DLSU. I woke up feeling the weight of financial insecurity on my shoulders. Thoughts of tuition fees, daily expenses, and the ever-increasing cost of living constantly loom in my mind. As I went through the day, I couldn't help but worry about how I would manage to make ends meet. Despite the challenges, I remain determined to pursue my dreams and find ways to secure a brighter future for myself.",0,0,0,0,1
"Today was just another day of juggling between classes and part-time work. As an undergraduate student from DLSU, financial security is always at the back of my mind. I constantly worry about making ends meet and ensuring that I can cover my tuition fees and daily expenses. It's a constant struggle to balance my studies with work, but I know that this is just a temporary phase in my journey towards a brighter future.",0,0,0,0,1
"So today started off with the usual hustle and bustle of being a DLSU undergraduate student. As I rushed to my classes, the constant worry about my financial security lingered in the back of my mind. Balancing tuition fees, daily expenses, and the occasional indulgences became a daily hassle. But despite the challenges, I pushed through, knowing that education is a key to a better future. With determination and a little bit of resourcefulness, I managed to make it through the day, reminding myself that hard work and perseverance will eventually pay off.",0,0,0,0,1
"Today, as a student at DLSU, I experienced the daily hassle of financial security. Waking up, I realized that my bank account was running low, which added stress to my already hectic day. I had to carefully plan my expenses, opting for cheaper meals and cutting back on unnecessary purchases. Despite the constant worry about money, I reminded myself to stay focused on my studies and persevere. Financial challenges may be tough, but with determination and resourcefulness, I am confident that I can overcome them.",0,0,0,0,1
"Today was just another typical day as an undergraduate student at DLSU. As I woke up, the constant worry about financial security nagged at the back of my mind. With tuition fees, daily expenses, and the pressure to maintain a decent lifestyle, it felt like a never-ending battle. However, I refused to let this obstacle dampen my spirits. I reminded myself that perseverance and hard work would eventually lead to a brighter future. Despite the daily hassle, I remained focused and determined to overcome this challenge and achieve my goals.",0,0,0,0,1
"Today was another typical day as an undergraduate student at DLSU. I woke up early, feeling the weight of financial security on my shoulders. As I made my way to campus, my mind wandered to the constant struggle of managing expenses and finding part-time jobs to support myself. Despite the stress, I remained determined to excel academically and make the most of my college experience.",0,0,0,0,1
"Being an undergraduate student at DLSU, my day is filled with numerous daily hassles. Financial security is one of the biggest concerns that constantly linger in my mind. Juggling between tuition fees, textbooks, and daily expenses, I find myself searching for part-time jobs or scholarships to ease the burden. It's a constant struggle to balance academics and financial stability, but I remain determined to overcome this obstacle and achieve success in my college journey.",0,0,0,0,1
"Today was a typical day for me as an undergraduate student at DLSU. As I woke up, thoughts about financial security immediately flooded my mind. The constant worry about being able to afford tuition fees, living expenses, and other necessities often weighs heavily on my shoulders. Despite the daily hustle and bustle of university life, the constant struggle to make ends meet serves as a reminder that financial stability is a constant challenge. Nonetheless, I remain determined to persevere and make the most out of my education, regardless of the hurdles that come my way.",0,0,0,0,1
"Today was another busy day as an undergraduate student at DLSU. Balancing my studies and part-time job has been quite challenging, especially when it comes to financial security. I constantly worry about covering my tuition fees, buying textbooks, and meeting daily expenses. However, I remain determined and motivated to succeed. Despite the daily hassle of financial insecurity, I am grateful for the opportunities provided by my education and the support from my family and friends.",0,0,0,0,1
"Today was another typical day at DLSU, filled with the usual hustle and bustle. However, the constant worry about financial security weighed heavily on my mind. As an undergraduate student, juggling tuition fees, daily expenses, and the occasional social outing became an ongoing challenge. Nonetheless, I persevered, seeking part-time jobs and scholarships to alleviate the financial burden. Despite the daily stress, I remained determined to excel academically and make the most out of my college experience.",0,0,0,0,1
"As a DLSU undergraduate student, financial security is a daily hassle that constantly plays on my mind. Balancing tuition fees, transportation expenses, and daily necessities becomes challenging. I often find myself meticulously planning my budget, searching for part-time jobs, and applying for scholarships to alleviate the financial burden. Despite the constant worry, I remain determined and focused on my studies, knowing that the sacrifices I make today will pave the way for a brighter future tomorrow.",0,0,0,0,1
"Today was quite a challenging day. As an undergraduate student at DLSU, one of the daily hassles I constantly deal with is financial security. With tuition fees, transportation costs, and daily expenses, it's always a struggle to make ends meet. However, I remain determined to overcome this obstacle. I work part-time to support myself and ensure that my education doesn't suffer. It's a constant juggling act, but I believe that perseverance and hard work will ultimately lead me to a brighter future.",0,0,0,0,1
