Narrative,Misplacing or losing things,Silly practical mistakes,Trouble with pets,Difficulties with friends
"Today was one of those days where everything seemed to go wrong. I woke up late and rushed to class, only to realize that I had misplaced my student ID. Frantically searching my bag, I eventually found it buried under a pile of papers. Later, during lunch, I misplaced my phone and spent ages retracing my steps to find it tucked away in my jacket pocket. Misplacing or losing things is an annoying daily hassle that always manages to throw off my day.",1,0,0,0
"Today started off on a rough note as I misplaced my keys and spent a good chunk of my morning tearing my room apart to find them. Eventually, I discovered them hiding under a pile of clothes. Later, in the rush to catch the bus, I somehow managed to lose my student ID. Sighing in frustration, I retraced my steps, and luckily, it was waiting for me at the campus security office. Misplacing or losing things seems to be my constant daily hassle, but I guess it's all part of the chaotic college life.",1,0,0,0
"So today started off with me misplacing my keys and spending a good 10 minutes searching for them. It's becoming a daily hassle. Then, during my morning rush, I realized I left my wallet at home. Great! Now I have to survive the day without any cash. Later, in the library, I couldn't find my favorite pen. I swear it was just here yesterday! Misplacing or losing things is seriously testing my patience, and it's only lunchtime.",1,0,0,0
"Today was a typical day in the life of a busy undergraduate student at DLSU. However, it was not without its daily hassles. As usual, I found myself misplacing or losing things left and right. Whether it was my pen, my student ID, or even my phone, it seemed like everything had a knack for disappearing into thin air. Despite the frustration, I learned to adapt and developed a system to keep track of my belongings. After all, college life is all about overcoming obstacles, even the smallest ones like misplacing things.",1,0,0,0
"So, my day started off like any other day. Rushing to get ready for my morning classes, I managed to misplace my ID card. After tearing my room apart, I finally found it buried under a pile of clothes. Phew! But the hassle didn't end there. During lunch, I misplaced my earphones, turning my search into a frantic scavenger hunt. Eventually, I discovered them tangled up in my backpack. Sigh. Misplacing things seems to be my unfortunate daily ritual, but hey, at least I always manage to find them in the end!",1,0,0,0
"So today was one of those days where everything seemed to go wrong. I woke up late for my morning class, rushed to get ready, only to realize that I couldn't find my student ID anywhere. After searching my entire room in a frantic state, I finally found it buried under a pile of papers. Phew! But that wasn't the end of my misfortunes. As I headed to the cafeteria for lunch, I realized I had left my wallet in my dorm room. Sigh! Misplacing or losing things can be such a hassle, but I've learned my lesson to always double-check before leaving.",1,0,0,0
"So, like, this morning started off pretty rough. I woke up late and was rushing to get ready for my morning classes. As if that wasn't enough, I couldn't find my student ID anywhere! I turned my room upside down, but it was nowhere to be found. I ended up having to go to the university's ID office to get a temporary one. Man, misplacing things can really throw a wrench in your day!",1,0,0,0
"So, today was quite a typical day for me as a student at DLSU. I woke up in a rush, trying to get ready quickly for my morning classes. But of course, I couldn't find my ID card anywhere! I frantically searched my room, tossing things around in a frenzy. Eventually, I found it hiding under a pile of clothes. Phew! It's always the little things that seem to cause the most stress in my day.",1,0,0,0
"Today started off with a typical case of misplacing things. I couldn't find my student ID, causing me to scramble around my room in frustration. After a frantic search, I finally located it hiding under a pile of clothes. This little hassle set the tone for the rest of my day, reminding me to be more organized. Despite the annoyance, I managed to laugh it off and continue on with my day at DLSU.",1,0,0,0
"Today was a typical day at DLSU, filled with numerous daily hassles. The most frustrating one was misplacing my student ID card. I frantically searched through my bag, retracing my steps, but it was nowhere to be found. The inconvenience of not being able to access certain areas of the campus was aggravating. Eventually, I found it tucked away in a pocket I rarely use. Lesson learned: always double-check before assuming things are lost forever.",1,0,0,0
"Today was such a typical day for me as an undergrad at DLSU. I woke up late, rushed to class, and ended up misplacing my student ID. Frantically searching through my bag, I realized it was nowhere to be found. After retracing my steps, I finally found it underneath a pile of papers in the library. Sighing with relief, I made a mental note to be more organized. Ah, the daily hassle of misplacing things.",1,0,0,0
"Today was one of those days where everything seemed to go wrong. I woke up late, rushed to class, and during my frantic search for my ID card, I realized I had misplaced it. After retracing my steps, I finally found it buried under a pile of papers. Later, I couldn't find my favorite pen, only to discover it tucked behind my notebook. Misplacing or losing things has become a daily hassle, but I'm learning to be more organized and keep everything in its place.",1,0,0,0
"So, like, today was a total rollercoaster. I woke up late for class, rushed to get ready, and in the midst of my frenzy, I misplaced my ID card. I turned my room upside down, but no luck. After stressing out and searching for what felt like forever, I finally found it buried under a pile of clothes. Phew! Note to self: always keep things in their designated spots. Stressful mornings are not my jam.",1,0,0,0
"So, like, it was just another typical day for me as an undergrad student at DLSU. I woke up feeling all groggy and rushed to get ready for class. But, guess what? I couldn't find my ID card anywhere! I turned my room upside down, searching high and low. Eventually, I gave up and had to go to the admin office for a temporary pass. Ugh, misplacing things is the worst hassle, especially when you're already running late!",1,0,0,0
"Today was such a typical day filled with the usual daily hassles. One of them was misplacing or losing things. I woke up in a rush, searching frantically for my keys, only to find them in the most unexpected place - the fridge! Later, in class, I couldn't find my pen, causing me to scramble for one from a classmate. Misplacing things may be a nuisance, but it adds a touch of adventure to my otherwise mundane routine.",1,0,0,0
"So, today started off with me misplacing my keys. I spent a good ten minutes frantically searching for them, only to find them in the pocket of the pants I wore yesterday. Later, during lunch at the cafeteria, I lost my favorite pen. I retraced my steps, asking everyone if they had seen it, but no luck. It's frustrating how easily things can disappear! Nonetheless, I managed to survive the day, but not without a sprinkle of stress and a dash of annoyance.",1,0,0,0
"So, today started off like any other typical day for me. Rushing to get ready and head out for my morning classes at DLSU. But, as luck would have it, I couldn't find my student ID anywhere. I searched high and low, turning my room upside down, only to find it hiding in the most unexpected place - under my pillow! It's always these little things that manage to throw a wrench in my day, but hey, at least I finally made it to class on time!",1,0,0,0
"Today was just one of those days where everything seemed to go wrong. I woke up late, rushed to get ready, and as expected, I couldn't find my keys. I frantically searched my room, throwing clothes and books everywhere. Finally, I found them in the most obvious place - my bag. It's frustrating how something as simple as misplacing my keys can throw off my entire day. Hopefully, tomorrow will be better.",1,0,0,0
"Today was just one of those days where everything seemed to go wrong. I started off by misplacing my keys, causing me to be late for my morning class. Then, I couldn't find my favorite pen during my lecture, which made note-taking a hassle. Later, I realized I had lost my student ID, making it impossible to access certain areas on campus. Misplacing or losing things truly tested my patience today, and I can't wait for a fresh start tomorrow.",1,0,0,0
"Today was a typical day in the life of an undergraduate student at DLSU, filled with the usual daily hassles. As I rushed to my morning class, I couldn't help but misplace my student ID, causing a slight panic. After retracing my steps, I finally found it buried deep in my bag. Later, during lunch, I misplaced my favorite pen, which added to my frustration. Despite these small setbacks, I managed to overcome them and continue with my day, reminding myself to double-check my belongings in the future.",1,0,0,0
"Today was a typical chaotic day for me as a student. Morning rush led to misplacing my keys, resulting in a frantic search. Later, I lost my pen during class, forcing me to borrow one from a classmate. As if that wasn't enough, I misplaced my earphones, causing me to waste precious time looking for them. These small hassles might seem insignificant, but they added an extra layer of stress to an already busy day. I hope tomorrow brings fewer lost items and more peace of mind.",1,0,0,0
"Today was such a typical day filled with the usual undergraduate hassles. As I rushed to my morning class, I realized I had misplaced my ID card, causing a slight panic. Frantically searching through my bag, I finally found it buried beneath a pile of papers. Later, during lunch break, I couldn't find my favorite pen, which had mysteriously vanished. It's amazing how something as simple as misplacing or losing things can disrupt the flow of an otherwise ordinary day.",1,0,0,0
"Today was a typical day at DLSU, filled with the usual daily hassles. As I rushed from one class to another, I couldn't help but misplace my pen, which I desperately needed for my upcoming quiz. Frantically searching my bag, I felt a wave of relief wash over me when I finally found it tucked away in a hidden compartment. It's amazing how such a small thing can cause such a big inconvenience. Lesson learned: always double-check and keep track of my belongings amidst the chaos of college life.",1,0,0,0
"So, today was just one of those days where everything seemed to go wrong. I woke up late, rushed to get ready, and in the midst of my frenzy, managed to misplace my car keys. After frantically searching for what felt like an eternity, I finally found them wedged between the couch cushions. Later, in a rush to submit my assignment, I realized I had lost my flash drive with all my hard work on it. Luckily, a kind classmate found it and returned it to me. Talk about the daily hassle of misplacing or losing things!",1,0,0,0
"Today was one of those days where everything seemed to go wrong. I woke up late, rushed to get ready, and in the midst of it all, I managed to misplace my keys. Frantically searching, I finally found them buried under a pile of clothes. Later, I realized I had lost my pen during class, causing me to borrow one from a friend. Misplacing or losing things seems to be an ongoing hassle, but I guess it's just part of being a forgetful and busy undergraduate student.",1,0,0,0
"So, today was just one of those days. I woke up late for my morning class, rushing to get ready and grab my bag. But guess what? I couldn't find my keys anywhere! After frantically searching for what felt like ages, I finally found them hiding under a pile of clothes. Phew! But my troubles didn't end there. Throughout the day, I kept misplacing my pen, my notebook, and even my phone at one point. It was like a game of hide and seek with my own belongings. By the end of the day, I was exhausted from constantly searching for things. Note to self: next time, organize everything before going to bed!",1,0,0,0
"Today was a typical day at DLSU, filled with the usual hustle and bustle. However, one daily hassle that irked me was misplacing my ID card. It seemed to have vanished into thin air, causing me to frantically search my bag and retrace my steps. Eventually, I found it tucked away in a forgotten pocket. Phew! It's always a relief when these little mishaps are resolved, allowing me to continue my day without further hindrance.",1,0,0,0
"Today was one of those days where misplacing things seemed to be my specialty. I spent a good chunk of my morning frantically searching for my student ID card, only to find it nestled between the pages of a random textbook. As if that wasn't enough, I also managed to misplace my pen during a lecture, resulting in a frantic search under my seat. It's safe to say that I've learned my lesson: always double-check before assuming I've lost something.",1,0,0,0
"Today was such a chaotic day at DLSU! I woke up late, rushed to class, and realized I misplaced my ID card. Ugh, the struggle of finding it in my messy room! Then, during lunch, my phone mysteriously disappeared from my bag. Panic mode! After retracing my steps, I found it hiding under a pile of papers. Finally, while studying at the library, I couldn't find my favorite pen. It magically reappeared in my backpack later. Misplacing or losing things is a daily hassle, but it keeps life interesting at DLSU!",1,0,0,0
"So, today was a typical day for me at DLSU. I woke up in a rush, trying to get ready for my morning classes. As I was getting dressed, I realized that I had misplaced my ID card. Frantically, I searched my room, turning it upside down, but to no avail. I knew I had to go to the admin office to get a temporary pass, but it was such a hassle. Finally, after wasting precious time, I found my ID card hiding under my stack of books. I sighed in relief, knowing that the rest of my day would hopefully go smoother.",1,0,0,0
"Today was just one of those days where everything seemed to go wrong. I woke up late and rushed to get ready, only to realize I had forgotten to charge my phone overnight. As I hurried to catch the train, I accidentally spilled coffee on my shirt, leaving an embarrassing stain. Later, during my class, I made a silly practical mistake and forgot to bring my notebook. It felt like every little thing was against me, but I reminded myself that these hiccups are just a part of being human.",0,1,0,0
"Today was one of those days filled with silly practical mistakes. First, I accidentally spilled coffee all over my notes during breakfast. Then, I forgot to bring my umbrella and got drenched in the sudden downpour. To top it off, I left my phone in the library and had to rush back to retrieve it. Despite these hassles, I managed to laugh them off and learn from my absent-mindedness. It's just one of those days, and I'm determined to make the most of it.",0,1,0,0
"Today started off with a series of silly practical mistakes. First, I accidentally poured orange juice into my cereal instead of milk. Then, I couldn't find my keys and realized they were in my pocket the whole time. Later, I tripped over my own shoelaces and stumbled in front of everyone in the cafeteria. It seems like everything I touch turns into a hilarious disaster. Despite these daily hassles, I'm learning to laugh at myself and embrace the unpredictable nature of life as an undergraduate student at DLSU.",0,1,0,0
"Today started off with a series of silly practical mistakes that made me question my own clumsiness. First, I accidentally spilled coffee on my shirt while rushing to class. Then, I forgot to bring my calculator for a crucial exam, forcing me to borrow from a classmate. Lastly, I misplaced my dorm key, resulting in a frantic search before finally finding it in my backpack. These small hassles, although frustrating, reminded me that life isn't always perfect, and sometimes it's okay to laugh at our own foolishness.",0,1,0,0
"So, today started off with my alarm not going off, making me late for my morning class. Rushing out the door, I realized I had forgotten to charge my phone, leaving me with a dead battery. Frustrated, I decided to grab a quick breakfast on my way, only to spill coffee all over my shirt. As if that wasn't enough, I accidentally took the wrong route to campus, adding more time to my already chaotic morning. Silly practical mistakes seem to be following me around today, but I'm determined to make the best of it and turn this day around.",0,1,0,0
"Today started off with a series of silly practical mistakes that made me feel like the clumsiest person alive. I accidentally spilled coffee on my shirt while rushing to class, and then I forgot to bring my pen for a quiz. Later, during lunch, I dropped my tray, causing a minor commotion in the cafeteria. Despite these mishaps, I managed to laugh them off and remind myself that everyone makes silly mistakes sometimes. It was definitely an eventful day filled with unexpected moments and a lesson in embracing imperfections.",0,1,0,0
"Today was such a rollercoaster! I woke up late and rushed to get ready, only to realize I put the wrong shoes on. Silly me! Then, during my first class, I forgot my calculator for a crucial exam. Ugh! Later, at lunchtime, I accidentally spilled my drink all over my notes. What a mess! Despite these practical mistakes, I managed to laugh them off and learn from them. Life's too short to sweat the small stuff, right?",0,1,0,0
"Today was one of those days where silly practical mistakes seemed to follow me everywhere. First, I accidentally spilled coffee on my white shirt during breakfast, leaving an unsightly stain for the rest of the day. Then, in my rush to catch the bus, I left my wallet at home, forcing me to borrow money from a friend for lunch. And to top it off, I forgot to save my presentation on my laptop, causing panic right before my class. It was a day filled with facepalms and a reminder to slow down and pay attention to the little details.",0,1,0,0
"Today was one of those days where silly practical mistakes seemed to follow me everywhere. First, I accidentally poured orange juice into my cereal bowl instead of milk. Then, I left my umbrella on the bus, only realizing it when I stepped out into a heavy downpour. Later, I managed to lock myself out of my apartment, forcing me to wait for a locksmith. Despite these minor setbacks, I tried to stay positive and reminded myself that everyone has off days.",0,1,0,0
"So, it was just another ordinary day at DLSU. I woke up late, which meant I had to rush to my morning class. As I hurriedly put on my clothes, I realized the buttons on my shirt were misaligned. With a sigh, I fixed them quickly, hoping no one would notice. But of course, they did. Throughout the day, I made silly practical mistakes, like forgetting my pen during exams or tripping over my own shoelaces. It was one of those days where nothing seemed to go right, but hey, at least it made for an amusing story to share with my friends later.",0,1,0,0
"Today started off with a series of silly practical mistakes. I woke up late and rushed to get ready, only to realize I had put my shirt on inside out. Then, during my morning commute, I managed to spill coffee all over my notes for a presentation. Later, in class, I accidentally clicked ""send all"" instead of ""reply"" on an email, embarrassing myself in front of my professor. It's been a day full of small blunders, but I'm learning to laugh them off and remind myself that it's all part of the learning process.",0,1,0,0
"Today was one of those days filled with silly practical mistakes. I woke up late and rushed to get ready, only to realize I forgot my keys inside my room. I had to ask my roommate to let me in, feeling embarrassed. Then, during my morning class, I accidentally spilled coffee on my notes, making them unreadable. Later, I forgot to save an important document on my computer, resulting in hours of lost work. It seems like today was determined to test my patience with these small yet frustrating hassles.",0,1,0,0
"Today started off with a series of silly practical mistakes. First, I forgot to set my alarm, resulting in me waking up late for my morning class. Then, in my rush to get ready, I accidentally spilled coffee on my freshly-laundered shirt. To top it off, I left my wallet at home, forcing me to borrow money from a friend for lunch. These little mishaps may seem insignificant, but they added an extra layer of frustration to an already hectic day. But hey, such is life as an undergraduate student at DLSU – full of silly, yet unavoidable, daily hassles.",0,1,0,0
"Today started off with a series of silly practical mistakes. First, I couldn't find my keys, only to realize they were in my pocket all along. Then, I accidentally spilled coffee on my notebook while rushing to class. Later, I forgot my umbrella and got drenched in the rain. To top it off, I mistakenly took the wrong bus home and ended up getting lost. Despite these small hassles, I managed to laugh them off and remind myself that everyone has off days.",0,1,0,0
"So, today started off with me rushing to get ready for my morning classes at DLSU. In my haste, I accidentally put my shirt inside out and didn't notice until I was already on campus. Silly me! Then, during my first lecture, I managed to spill coffee all over my notes, making them illegible. I couldn't help but laugh at myself for these practical mistakes. Despite these minor setbacks, I carried on with my day, learning to embrace the little mishaps and reminding myself that sometimes it's okay to be a bit silly.",0,1,0,0
"Today was one of those days where everything seemed to go wrong. I woke up late, rushed to get ready, and spilled coffee on my shirt. As if that wasn't enough, I forgot my keys and had to wait outside my apartment until my roommate returned. During class, I accidentally clicked on the wrong button and submitted the wrong assignment. To top it off, I missed my bus and had to walk home in the pouring rain. Silly practical mistakes seemed to be my constant companion today, leaving me feeling frustrated and exhausted.",0,1,0,0
"Today started off with a series of silly practical mistakes that seemed to follow me everywhere. First, I accidentally spilled coffee on my brand-new white shirt while rushing to class. Then, I realized I left my laptop charger at home, forcing me to scramble for a vacant power outlet during lectures. To top it off, I completely forgot to bring my student ID, resulting in a long and frustrating line at the library entrance. Despite these daily hassles, I managed to laugh them off, reminding myself that it's all part of the chaotic beauty of being an undergraduate student at DLSU.",0,1,0,0
"Today, I woke up late for my morning class at DLSU. While rushing to get ready, I accidentally grabbed two different shoes and didn't realize until I arrived on campus. Feeling embarrassed, I quickly bought a pair of cheap flip-flops from a nearby store. Later, during my lunch break, I spilled coffee on my shirt while trying to multitask. It was definitely a day filled with silly practical mistakes, reminding me to slow down and pay attention to the little things in life.",0,1,0,0
"Today started off with a series of silly practical mistakes. First, I accidentally spilled coffee on my shirt while rushing to class. Then, during a group presentation, I forgot to bring my USB drive, leaving my team frustrated. Later, I realized I had left my phone charger at home, causing my phone to die in the middle of the day. Despite these mishaps, I tried to stay positive and reminded myself that everyone makes mistakes. It was a reminder to slow down and pay attention to small details.",0,1,0,0
"Today was one of those days where silly practical mistakes seemed to haunt me at every turn. First, I accidentally poured orange juice instead of milk into my cereal bowl, resulting in a rather unappetizing breakfast. Then, in my rush to catch the bus, I forgot my umbrella and ended up getting drenched in the unexpected rain. Finally, during my presentation in class, I mistakenly clicked on the wrong slide, causing a momentary confusion and embarrassment. Despite these minor setbacks, I learned to laugh at myself and embrace the imperfections that make each day unique.",0,1,0,0
"Today started off with a series of silly practical mistakes. First, I forgot to set my alarm clock, so I overslept and had to rush to get ready for class. Then, in my haste, I spilled coffee all over my shirt. As if that wasn't enough, I realized I left my ID card at home, causing me to run back and retrieve it. These minor mishaps made me feel like I was off to a rough start, but I managed to laugh them off and carry on with my day.",0,1,0,0
"I woke up late for my morning class, rushing to get dressed and grab my backpack. As I hurriedly poured cereal into a bowl, I realized I had run out of milk. Frustrated, I decided to have a quick shower instead. But just as I stepped into the bathroom, I realized I had forgotten to bring a towel. Dripping wet, I dashed back to my room, only to find that I had left my keys inside. Silly practical mistakes seemed to follow me all day, reminding me that sometimes life just loves to play funny tricks on us.",0,1,0,0
"Today was a typical day at DLSU, filled with silly practical mistakes. First, I forgot to bring my ID and had to queue up in the long line at the guardhouse. Then, during my programming class, I accidentally spilled coffee on my laptop, causing it to malfunction. Later, I realized I left my wallet at home, making it impossible to buy lunch. Despite these mishaps, I managed to laugh them off and learned the importance of double-checking and being more organized. It was a day filled with errors, but I'm determined to tackle tomorrow with better preparation.",0,1,0,0
"Today was a typical day at DLSU, filled with silly practical mistakes. I woke up late and rushed to class, only to realize I forgot my laptop charger. During lunch, I accidentally spilled my coffee on my notes, smudging the important details. In the afternoon, I struggled with a faulty printer, resulting in unfinished assignments. Despite these hassles, I managed to laugh them off with friends and find solutions. It's these small blunders that remind me to stay resilient and adaptable as an undergraduate student at DLSU.",0,1,0,0
"So, today started off with one of those silly practical mistakes that always seem to happen to me. I woke up late and rushed to get ready for class, but in my haste, I accidentally put on mismatched socks. It's ridiculous how something so small can bother me for the entire day. Throughout the day, I found myself constantly tugging at my socks, feeling self-conscious about the odd combination. It's just one of those daily hassles that can really throw off your groove. Lesson learned: always double-check your sock drawer before rushing out the door!",0,1,0,0
"Today started off with a series of silly practical mistakes. First, I accidentally spilled coffee on my shirt while rushing to class. Then, I realized I left my laptop charger at home, leaving me powerless during lectures. Lastly, I forgot to bring my student ID, resulting in me being denied access to the library. Despite these setbacks, I managed to adapt and learn from my mistakes. It may have been a hassle, but I embraced the chaos and made the most out of my day.",0,1,0,0
"Today was quite a day. First, I accidentally grabbed my roommate's toothbrush and used it before realizing my silly mistake. Then, during my morning commute, I boarded the wrong bus and ended up at the wrong destination, making me late for my first class. Later, I spilled coffee on my notes, leaving them smudged and illegible. It seems like silly practical mistakes are following me everywhere today. Despite these hassles, I managed to laugh them off and learn from them. What a day!",0,1,0,0
"Today started off with a series of silly practical mistakes. First, I accidentally poured hot coffee into my cereal bowl instead of my mug. Then, I left my umbrella at home despite the gloomy weather forecast. As if that wasn't enough, I forgot to charge my phone overnight, leaving me with a dying battery throughout the day. Despite these little setbacks, I managed to laugh them off and remind myself that everyone has their off days. It's these small mishaps that make life interesting, after all.",0,1,0,0
"Today started off with a series of silly practical mistakes. I accidentally poured milk into my cereal box instead of the bowl, resulting in a soggy mess. Then, in a rush to catch the bus, I forgot my phone and had to run back home. Later, during my chemistry lab, I spilled a chemical solution all over my lab coat, leaving a colorful stain. Despite these mishaps, I managed to laugh them off and remind myself that we all have those days. Life's little hiccups can be frustrating, but they serve as reminders to take things in stride and not sweat the small stuff.",0,1,0,0
"Today was one of those days where silly practical mistakes seemed to follow me everywhere. First, I misplaced my phone and wasted precious minutes searching for it. Then, I spilled coffee on my freshly ironed shirt, causing an unsightly stain. Later, I realized I forgot to bring my ID, resulting in an embarrassing moment at the library. Despite these hiccups, I managed to laugh them off and learn from my absent-mindedness. Life's daily hassles may be annoying, but they remind me to slow down and pay attention to the little things.",0,1,0,0
"So, today was one of those days where everything seemed to go wrong. I woke up late for my morning class only to find out that my pet dog had chewed on my homework. I had to rush to the nearest printing shop to get it reprinted, but the printer broke down. I ended up submitting a half-eaten, coffee-stained mess. It's safe to say that my professor was not amused. I guess trouble with pets is just another daily hassle that comes with being a student.",0,0,1,0
"Today was quite a hectic day for me. As I rushed to get ready for my morning classes at DLSU, I realized my pet dog had somehow managed to open the fridge and feast on my breakfast sandwich! I had to quickly whip up something else to eat before heading out. Later in the day, I returned home to find my cat had knocked over a vase of flowers, creating a mess that needed immediate cleaning. Dealing with my mischievous pets is definitely a daily hassle, but their adorable antics always manage to bring a smile to my face amidst the chaos.",0,0,1,0
"Today was just one of those days. I woke up late for my morning class, only to find my pet dog had made a mess all over the living room. I had to quickly clean up before rushing out the door. Later, while studying in the library, I received a call from my roommate saying that our cat had knocked over a plant and spilled soil all over the floor. I sighed in frustration, knowing I would have to clean up yet again. Dealing with pets can be a hassle, but their adorable faces always make it worth it in the end.",0,0,1,0
"So, today started like any other day, but as soon as I woke up, I realized my pet dog had managed to sneak into my room again! It took me a while to coax him out, but not before he had left a little ""surprise"" on my favorite shirt. Sighing, I quickly changed, only to find my cat had knocked over a plant, scattering soil all over the floor. My morning routine turned into a mini clean-up session, but hey, I guess that's just life with mischievous pets!",0,0,1,0
"Today was a typical day at DLSU, but it started with a bit of trouble with my pets. As I rushed to get ready for class, my mischievous cat knocked over a glass of water, creating a mini flood in the kitchen. I quickly grabbed a mop and started cleaning up the mess, all while trying not to be late for my morning lecture. It was a hassle, but at least it added some excitement to an otherwise ordinary day.",0,0,1,0
"Today started off with a bit of trouble with pets. As I was getting ready for class, my mischievous cat decided to knock over my coffee mug, leaving a mess all over the kitchen counter. After cleaning up, I hurriedly made my way to school, only to realize that my dog had chewed on my favorite pair of shoes. Despite these little hassles, I managed to make it to my classes on time, grateful for the moments of joy and chaos that my pets bring into my life.",0,0,1,0
"So, today started off pretty rough. I woke up late because my dog decided to bark at absolutely nothing for what felt like hours. I stumbled out of bed and almost tripped over my cat, who always seems to find a way to get under my feet. As if that wasn't enough, my dog decided to chew on my favorite pair of shoes while I was trying to get ready. Honestly, sometimes I wonder who's in charge around here - me or my pets!",0,0,1,0
"So, my day started off like any other typical day as an undergrad student at DLSU. I woke up late, rushed to get ready, and of course, encountered the usual daily hassle - trouble with pets. As I was trying to leave, my mischievous cat decided to hide my keys somewhere in the house. After a frantic search, I finally found them tucked away in her secret hiding spot. Phew! This incident definitely added an extra dose of excitement to my already eventful day at university.",0,0,1,0
"So, today was quite a rollercoaster. Woke up late for my online classes, and as if that wasn't enough, my mischievous pet dog decided to chew on my laptop charger. Frantically searching for a replacement, I realized I was running out of time for submitting assignments. Meanwhile, my cat chose this perfect moment to knock over a cup of coffee on my notes. Talk about a morning filled with trouble with pets! Thankfully, I managed to salvage my assignments and catch up on the lectures, but I definitely need to keep a better eye on my furry friends in the future.",0,0,1,0
"So, today was just another typical day at DLSU, but it started with a bit of trouble with pets. As I was rushing to get ready for my morning classes, my roommate's mischievous cat decided to knock over a glass of water, spilling it all over my notes. I had to quickly salvage what I could and rewrite some parts before heading to school. It was definitely an unexpected hassle, but it made for a funny story to share with my friends later.",0,0,1,0
"So, today was one of those days filled with daily hassles. As soon as I woke up, my pet dog decided to make a mess by knocking over a plant in the living room. I had to quickly clean up the soil and water before heading to class. Later in the day, I realized that my cat had somehow managed to knock a glass of water off the table, causing a mini flood in the kitchen. It took me quite some time to mop up the mess. These trouble with pets definitely made today a bit more hectic than usual!",0,0,1,0
"So, like, today was pretty hectic. I woke up late for my morning class and as if that wasn't enough, my silly cat decided to knock over my cup of coffee! I had to quickly clean up the mess and rush to class with my caffeine fix nowhere in sight. Later, when I finally got home, I found my dog had chewed up my favorite pair of shoes! Ugh, these pets can be a real hassle sometimes. But hey, they still manage to bring a smile to my face, even in the midst of all the chaos.",0,0,1,0
"Today was a typical day at DLSU, filled with the usual hustle and bustle. However, one hassle that I encountered was trouble with pets. As I was rushing to class, I accidentally stepped on a dog's tail, causing it to yelp in pain. Feeling guilty, I stopped to apologize and pat the dog, but it took a while to calm it down. This little incident made me realize the importance of being mindful of our furry friends on campus and reminded me to always watch my step.",0,0,1,0
"So, today started off in a bit of a frenzy. I was running late for my morning class at DLSU when suddenly, my pet dog decided to go on a little adventure and escaped from the house. I had to chase him around the neighborhood, trying to coax him back home. Eventually, I managed to catch him, but not before getting a bit dirty and sweaty. Thankfully, I made it to class just in time, albeit a little disheveled. Ah, the joys of having mischievous pets!",0,0,1,0
"So, today started off with the usual chaos. My alarm didn't go off, and I woke up late for my morning class. As if that wasn't enough, my pet dog decided to chew on my favorite pair of shoes while I was rushing to get ready. I had to deal with the mess and find a replacement pair in a hurry. It's always something with these furry troublemakers, but I can't help but love them despite the daily hassle they bring.",0,0,1,0
"So, today was just one of those days. Woke up late for my morning classes, only to find my pet dog, Max, had somehow managed to sneak into my room and chewed up my favorite pair of shoes. As if that wasn't enough, my cat, Whiskers, decided to knock over a glass of water, drenching my laptop in the process. Ugh, trouble with pets can be such a hassle! But hey, they're family, and I wouldn't trade them for anything.",0,0,1,0
"Today was quite a hassle-filled day. It started with me oversleeping and rushing to get ready for my classes at DLSU. As I grabbed my bag, I noticed that my pet dog had chewed on my favorite pair of shoes. Frustrated, I had to quickly find an alternative pair and head out the door. Throughout the day, I couldn't help but worry about how I would manage to fix my ruined shoes. Dealing with trouble with pets can be quite a hassle, especially when you're already running late.",0,0,1,0
"Today was a typical day at DLSU, filled with the usual hustle and bustle. However, my day took an unexpected turn when I encountered trouble with my pets. As I hurriedly got ready for class, my mischievous cat decided to knock over a glass of milk, creating a sticky mess. To make matters worse, my energetic dog managed to escape through the front gate, causing me to chase after him frantically. It was a hassle, but I managed to resolve both situations, albeit with a few extra minutes added to my already hectic morning routine.",0,0,1,0
"So, today started off like any other day. Waking up early for my classes at DLSU, I was excited about the day ahead. However, as I was getting ready, my pet dog decided it was the perfect time to play hide-and-seek with my socks. I had to chase him around the house, trying to retrieve my socks before they became his new chew toys. Eventually, after a lot of running around, I managed to gather all my belongings and make it to class just in time. Ah, the daily hassles of being a pet owner!",0,0,1,0
"So, today was quite a hassle. I woke up late for my online class because my pet cat decided to jump on my face, thinking it was playtime. I had to rush to get ready and ended up forgetting my breakfast. Later, while studying, my dog decided to chew on my laptop charger, causing it to malfunction. I had to scramble to find a replacement. Honestly, sometimes I wonder who's the real boss in this house – me or my pets!",0,0,1,0
"So, today was quite a day. First, I woke up late for my 8 AM class because my pet dog decided to hide my alarm clock under the bed. Then, while rushing to get ready, my mischievous cat knocked over my coffee mug, spilling it all over my laptop. Great start! Later, when I finally made it to class, my professor announced a surprise quiz. As if that wasn't enough, I returned home to find my pets had torn apart my favorite pair of shoes. Troubles with pets, I tell you, they never seem to end!",0,0,1,0
"Today was quite a hassle-filled day. As I rushed to get ready for class, my pet dog decided to play hide-and-seek with my keys, leaving me frantically searching for them. When I finally found them, I realized my cat had knocked over a potted plant, spilling soil all over the floor. After cleaning up the mess, I dashed to catch my bus, only to find that my dog had chewed on my shoelaces, rendering them useless. Despite these pet-related troubles, I managed to make it to class on time, albeit a little disheveled.",0,0,1,0
"So, I wake up this morning and as usual, my dog decides it's the perfect time to start barking at absolutely nothing. I try to shush him, but he's relentless. As I stumble out of bed, I accidentally step on his chew toy and almost trip over. Great start to the day, right? As if that wasn't enough, I notice my cat has knocked over a glass of water, leaving a puddle on the kitchen floor. I sigh and grab a mop, thinking to myself, ""Why can't they just behave for once?""",0,0,1,0
"So, today started off with the usual chaos that comes with having pets. As I was rushing to get ready for class, my dog decided it was the perfect time to play a game of hide-and-seek with my socks. After a frantic search, I finally found them under the couch. But just as I thought I was in the clear, my cat decided to knock over a glass of water, causing a mini flood in the kitchen. Ah, the joys of having furry companions!",0,0,1,0
"So, today started off like any other normal day for me, until I woke up to my pet cat knocking over my glass of water right onto my laptop. Great, just great. As if that wasn't enough, later in the day, my pet dog decided it was the perfect time to have a ""digging frenzy"" in my newly planted garden. I couldn't help but feel a mix of frustration and amusement at my mischievous pets. Ah, the joys of being a pet owner.",0,0,1,0
"So, today started off pretty chaotic. My alarm didn't go off because my mischievous cat, Whiskers, decided to paw at it in the middle of the night. I woke up late, rushing to get ready for class. As if that wasn't enough, my dog, Max, chewed on my favorite pair of shoes while I was trying to find my missing textbook. I ended up leaving the house looking disheveled, with mismatched shoes and a grumpy mood. I definitely have some pet-related issues to deal with when I get home!",0,0,1,0
"So, today started off as a typical day for me as an undergrad at DLSU. I woke up to the sound of my neighbor's dog barking incessantly, making it impossible for me to get a good night's sleep. As if that wasn't enough, my own pet cat decided to knock over a vase, shattering it into a million pieces. I spent the morning cleaning up the mess and trying to calm down my furry friends. Ah, the joys of dealing with pets and their mischievous ways!",0,0,1,0
"So, today was just one of those days filled with daily hassles. First off, I woke up late because my dog decided to chew on my alarm clock. Then, while trying to catch up on some reading, my cat decided to knock over my coffee mug, spilling it all over my notes. Later, when I finally thought I could relax, my dog started barking at the mailman, causing a whole ruckus. It seems like trouble with pets was the theme of my day. Can't wait for a hassle-free day tomorrow!",0,0,1,0
"Man, today has been one heck of a day! Woke up late for my morning class because my pet dog decided to hide my alarm clock. Then, as I rushed to get ready, my cat decided to knock over a glass of water, soaking my notes for today's lecture. Talk about trouble with pets! Oh well, at least they make life interesting, even if it means dealing with these daily hassles.",0,0,1,0
"Today was quite a hassle. I woke up late for my online classes and rushed to get ready. As if that wasn't enough, my mischievous cat decided to knock over a glass of water, causing a minor flood in the living room. I had to quickly clean up the mess and change into dry clothes. It's always an adventure with my pets, but I wouldn't trade them for anything.",0,0,1,0
"Today was quite a challenging day at DLSU. I encountered some difficulties with friends, which dampened my mood. Miscommunication led to misunderstandings and tensions arose. It was disheartening to see friendships strained over trivial matters. However, I am determined to resolve these issues and strengthen our bond. Despite the hurdles, I believe that through open communication and empathy, we can overcome these difficulties and continue to cherish our friendships.",0,0,0,1
"Today was a rollercoaster of emotions. I woke up feeling excited about the day ahead, but difficulties with friends quickly dampened my spirits. Misunderstandings escalated into heated arguments, leaving me feeling drained and frustrated. It's disheartening when those you trust become the source of stress. However, I reminded myself that every relationship has its ups and downs. Despite the hassles, I'm determined to work things out and cherish the friendships that have brought me joy throughout my time at DLSU.",0,0,0,1
"Today was a tough day at DLSU. Difficulties with friends weighed heavily on my mind. Misunderstandings and disagreements clouded our interactions, leaving me feeling isolated and frustrated. It's disheartening when those closest to you seem distant. However, I'm determined to address these issues and find a resolution. Despite the challenges, I believe that open communication and understanding will eventually mend our friendships.",0,0,0,1
"Today was a challenging day at DLSU. I encountered difficulties with my friends, which made me feel slightly overwhelmed. We had a disagreement about a group project, and tensions rose. It was frustrating trying to find a compromise, but we eventually managed to settle our differences and work together. Despite the hassles, I learned the importance of effective communication and the value of teamwork.",0,0,0,1
"Today was quite a challenging day at DLSU. I had to deal with difficulties with friends, which really took a toll on me. It seemed like misunderstandings were lurking around every corner, making it hard to communicate effectively. I felt a sense of frustration and disappointment, as I value strong and meaningful connections. Nonetheless, I will strive to resolve these issues and maintain the bond I share with my friends, as we navigate through the ups and downs of university life together.",0,0,0,1
"Today was quite a challenging day at DLSU. I had a few difficulties with friends, which put a damper on my mood. Miscommunication led to a small argument, making me feel frustrated and misunderstood. It's tough when conflicts arise among friends, as it can affect our relationships. However, I believe that open communication and understanding will help us overcome these hurdles and strengthen our bond. Despite the hassles, I'm determined to resolve these issues and maintain a positive atmosphere on campus.",0,0,0,1
"Today was a rollercoaster of emotions at DLSU. From the moment I stepped into the campus, difficulties with friends seemed to plague my day. Misunderstandings and conflicts arose, leaving me feeling frustrated and upset. It's disheartening when relationships that were once strong become strained. However, I believe that with open communication and a willingness to understand one another, we can overcome these obstacles and strengthen our bonds. Friendship is a valuable asset, and I'm hopeful that tomorrow will bring resolution and restored harmony among us.",0,0,0,1
"Today was quite a challenging day. I had difficulties with my friends. We had a misunderstanding over a project and it led to heated arguments and hurt feelings. It's frustrating when misunderstandings get in the way of our friendship. However, we managed to talk it out and resolve the issue eventually. It's moments like these that make me realize the importance of effective communication and understanding in maintaining strong relationships with friends.",0,0,0,1
"Today was quite challenging. I had difficulties with my friends, as we couldn't agree on a decision for our group project. It was frustrating trying to find a common ground, and tensions rose throughout the day. Despite our differences, I managed to keep my cool and suggested a compromise, which eventually eased the situation. It reminded me that friendships aren't always smooth sailing, but with patience and understanding, we can overcome any obstacle.",0,0,0,1
"Today was quite a challenging day. I had difficulties with friends, as we couldn't agree on a group project topic. It seemed like everyone had different ideas and no one was willing to compromise. It was frustrating, but eventually, we managed to find a middle ground and move forward. Despite the hassle, it taught me the importance of effective communication and teamwork.",0,0,0,1
"Today was a bit tough. I had some difficulties with friends at DLSU. We were supposed to work on a group project together, but there were constant disagreements and conflicting ideas. It was frustrating trying to find a common ground. However, we managed to resolve our differences and came up with a compromise. Despite the hassle, we learned the importance of effective communication and teamwork.",0,0,0,1
"Today was quite a rollercoaster. Waking up late, rushing to class, and then dealing with difficulties with friends. It's always tough when misunderstandings arise and conversations turn into arguments. But I guess that's just a part of life. Hopefully, we can sort things out and move past this rough patch. Despite the hassles, I'm grateful for the opportunity to learn and grow from these experiences. Tomorrow is a new day, and I'm determined to make it better.",0,0,0,1
"Today was quite a challenging day at DLSU. I encountered some difficulties with friends which left me feeling a bit down. It's never easy when misunderstandings arise and it can be hard to navigate through these situations. However, I try to remind myself that friendships go through ups and downs, and with open communication and understanding, we can overcome these hurdles together. Despite the hiccups, I am grateful for the support of my other friends and the positive experiences that help lighten the load.",0,0,0,1
"Today was another hectic day at DLSU. Amidst the hustle and bustle, I couldn't help but feel a tinge of sadness due to difficulties with friends. Miscommunication had caused a rift, leading to a strained atmosphere. I tried my best to bridge the gap, but it seemed like an uphill battle. Nonetheless, I remained hopeful that with time and sincere efforts, we would mend our friendship and regain the laughter and camaraderie we once shared.",0,0,0,1
"Today was a bit of a rollercoaster. Started the day with some difficulties with friends. Miscommunication led to misunderstandings and hurt feelings. It was tough navigating through the tension, but we eventually sat down and cleared the air. Thankfully, we were able to resolve our issues and salvage our friendship. It's a reminder of how important open and honest communication is, even when it's difficult.",0,0,0,1
"Today started off great, with the sun shining and a spring in my step. But as the day progressed, I encountered some difficulties with friends. Miscommunication led to a heated argument, creating tension and leaving me feeling disheartened. It's frustrating when misunderstandings arise, especially amongst friends. However, I'm determined to resolve the issue and maintain our strong bond. Life is too short to let petty conflicts overshadow our friendship.",0,0,0,1
"Today was a bit tough. I had some difficulties with my friends. Miscommunication led to misunderstandings and tensions arose. It's frustrating when you feel like you're not being heard or understood. But I reminded myself that conflicts happen and it's important to address them calmly. We talked things out and sorted it all out in the end. It's a reminder that even the closest friendships have their ups and downs, but what matters is how we handle them and grow stronger together.",0,0,0,1
"Today was quite a challenging day. I had difficulties with friends, as we couldn't agree on a group project topic. It was frustrating trying to find a common ground amidst differing opinions. However, we managed to compromise and find a topic that satisfied everyone. Despite the hassle, I realize that these disagreements are a part of growing and learning how to work together effectively.",0,0,0,1
"Today was quite a challenging day. I had difficulties with my friends, and it put a strain on our relationship. We couldn't agree on a project topic, leading to misunderstandings and tension within our group. It was frustrating trying to find a compromise, but we finally managed to work things out. Despite the hiccups, I'm grateful that we were able to overcome our differences and continue working together towards our common goal.",0,0,0,1
"Today was a bit rough. I had difficulties with my friends, and it really put a damper on my day. We had a disagreement about something silly, and things got heated. It's frustrating when you feel misunderstood by the people closest to you. I hope we can sort things out soon because I miss their company. Despite this hassle, I'm trying to stay positive and remind myself that conflicts are a part of any relationship.",0,0,0,1
"Today was a challenging day at DLSU. I encountered some difficulties with friends, which added to the stress of my busy schedule. It's disheartening when misunderstandings arise, causing rifts in our relationships. However, I remain hopeful that we can resolve these conflicts and rebuild our friendships. Despite the hurdles, I am determined to navigate through these daily hassles and focus on my academic journey at DLSU.",0,0,0,1
"Today was quite a challenging day at DLSU. I had difficulties with friends, which added an extra layer of stress to my already hectic schedule. It seemed like misunderstandings and disagreements were constantly arising, making it hard to focus on my studies. However, I tried my best to stay calm and communicate openly to resolve the issues. Despite the hassles, I am determined to maintain a positive attitude and find a way to mend these friendships.",0,0,0,1
"Today was a challenging day at DLSU. I encountered difficulties with friends, as we couldn't agree on a project topic. It was frustrating trying to find common ground, but we eventually compromised. Despite the hassle, we managed to work together and achieve a satisfactory outcome. It taught me the importance of effective communication and compromise in maintaining friendships.",0,0,0,1
"Today was quite a roller coaster of emotions. I woke up feeling excited about meeting my friends at school, but little did I know that difficulties would arise. We had a disagreement over a group project and tensions rose. It was disheartening to see our friendship tested. However, we managed to resolve our conflicts through open communication and compromise. Despite the rough start, we ended the day on a positive note, reaffirming our bond and promising to work better together in the future.",0,0,0,1
"Today was a challenging day at DLSU. I encountered some difficulties with friends, which dampened my mood. Misunderstandings arose, leading to tension and strained relationships. It's disheartening when close bonds become strained, but I remain hopeful that we can resolve our differences through open communication and understanding. Despite the hurdles, I am determined to find a way to mend these friendships and create a more harmonious environment for all.",0,0,0,1
"Today was a challenging day at DLSU. I experienced difficulties with my friends, which made me feel a bit down. We had a disagreement about a group project, and tension arose between us. It was frustrating to navigate through conflicting opinions and find a compromise. However, I believe that these hiccups are part of the learning process, and I am optimistic that we will overcome these difficulties and grow stronger as a team.",0,0,0,1
"Today was quite a challenging day for me. I faced some difficulties with my friends. We had a disagreement over a group project, and it led to tension and misunderstandings. It was frustrating trying to communicate and find a compromise. However, I realized the importance of patience and understanding in resolving conflicts. We eventually talked it out and found a solution, reminding me that friendship requires effort and compromise. Despite the hassle, it was a valuable experience in learning how to navigate and maintain healthy relationships.",0,0,0,1
"Today was quite challenging. I had some difficulties with my friends. We had a disagreement about our group project, and things got heated. It was frustrating trying to find common ground and compromise. However, after some time, we were able to resolve our issues and come up with a solution. It taught me the importance of effective communication and understanding in maintaining friendships. Despite the initial hassle, I'm grateful that we were able to work things out.",0,0,0,1
"Today was a tough day. I had difficulties with friends at DLSU. We couldn't agree on a project topic and ended up arguing. It was frustrating because we usually get along well. We tried to compromise, but it only led to more disagreements. I hope we can resolve our differences soon because I value their friendship and want to work together harmoniously.",0,0,0,1
"Today was a bit rough as I faced some difficulties with friends. We had a disagreement about our group project, which led to tension and misunderstandings. It was challenging to find a compromise, but eventually, we managed to talk it out and find a solution. Despite the hassle, I am grateful that we were able to resolve our issues and maintain our friendship.",0,0,0,1
