Narrative,Concerns about medical treatment,Physical illness,Side effects of medication,Concerns about health in general,Concerns about bodily functions
"So, today was quite a hassle. I woke up with concerns about my medical treatment. You see, I've been dealing with a nagging injury for a while now, and it's been affecting my daily activities. I spent the morning trying to get an appointment with my doctor, but their schedule was fully booked. Frustrated, I decided to seek a second opinion. Hopefully, I can find a solution soon because this injury is really starting to impact my studies and overall well-being.",1,0,0,0,0
"So, today was a pretty typical day for me as an undergraduate student at DLSU. I woke up with concerns about my medical treatment, as I've been dealing with a nagging health issue lately. It's been a hassle trying to schedule appointments with doctors and find the right treatment plan. Throughout the day, I found myself distracted by worries about my health, making it a bit harder to focus on my studies. But, despite these daily hassles, I managed to make it through the day and get some work done.",1,0,0,0,0
"Today started off with concerns about my medical treatment. I had been experiencing persistent headaches, and the medication prescribed by my doctor didn't seem to be working. This made me worry about the underlying cause of my pain. I decided to reach out to my doctor again to discuss alternative treatments or seek a second opinion. Dealing with health issues while managing my studies can be quite challenging, but I'm determined to prioritize my well-being.",1,0,0,0,0
"Today, as I went about my day as an undergraduate student at DLSU, I couldn't help but worry about my medical treatment. The constant concern about my health and the uncertainty of my condition weighed heavily on my mind. It became a hassle to focus on my studies as I constantly questioned whether I was doing enough to take care of myself. Despite the daily hassles, I managed to push through and find solace in the support of my friends and the comforting atmosphere of the university.",1,0,0,0,0
"Today was a typical day at DLSU, filled with lectures and assignments. However, my mind was preoccupied with concerns about my medical treatment. I couldn't help but worry about the upcoming doctor's appointment and the possible side effects of the prescribed medication. It was challenging to concentrate on my studies, but I reminded myself to stay positive and trust the medical professionals. Despite these worries, I managed to get through the day, hoping for a positive outcome in my health journey.",1,0,0,0,0
"Today was quite a stressful day for me. I woke up with concerns about my ongoing medical treatment. The medication I have been prescribed doesn't seem to be working, and I'm worried about the side effects it may have. I spent a large part of the day researching alternative treatments and seeking advice from friends and family. It's frustrating to navigate through this medical journey, but I'm determined to find a solution that works for me.",1,0,0,0,0
"Today was a pretty hectic day at DLSU. Between rushing to class, completing assignments, and catching up with friends, I couldn't help but worry about my medical treatment. It's been a constant concern lately, as I'm unsure if I'm on the right track. However, I managed to push those worries aside and focus on my tasks for the day. Although it was a struggle, I reminded myself that I am capable of handling these daily hassles and that worrying won't solve anything.",1,0,0,0,0
"So, today was quite a hassle. I've been dealing with concerns about my medical treatment. It's been a constant worry on my mind, as I've been experiencing some health issues lately. I've been juggling between attending classes and scheduling doctor's appointments, trying to find a diagnosis and the right course of action. It's been exhausting and stressful, constantly feeling uncertain about my health. But I'm determined to find a solution and not let it hinder my studies. Fingers crossed for a better day tomorrow.",1,0,0,0,0
"Today was quite challenging as I dealt with concerns about my medical treatment. I had been experiencing persistent headaches, and it was worrying me. I decided to visit the school clinic, but they couldn't provide a proper diagnosis. Frustrated, I scheduled an appointment with a specialist outside of campus. The wait was long, and the medical fees were a burden, making me question if it was the right decision. Nonetheless, I made a vow to prioritize my health and hope for a positive outcome.",1,0,0,0,0
"So, today has been quite a hectic day for me. Apart from the usual hustle and bustle of being an undergraduate student at DLSU, I've been dealing with concerns about my medical treatment. It's been a constant worry in the back of my mind, making it challenging to focus on my studies. However, I've managed to push through, seeking support from friends and family along the way. Despite the daily hassles, I remain determined to excel academically and prioritize my health.",1,0,0,0,0
"So, today was quite a hassle-filled day for me. Amidst the piles of assignments and exams, I couldn't help but worry about my medical treatment. The uncertainty and concerns about my health kept lingering in my mind throughout the day, distracting me from focusing on my studies. It's frustrating when something as essential as your well-being becomes an additional stressor in your already hectic student life. But hey, I guess that's just the reality of being an undergraduate student at DLSU.",1,0,0,0,0
"Today was quite a hectic day for me. Aside from the usual hustle and bustle of being an undergraduate student at DLSU, I couldn't help but feel concerned about my ongoing medical treatment. Thoughts about appointments, medication, and test results were constantly running through my mind, making it challenging to concentrate on my studies. However, I reminded myself to take it one step at a time and stay positive, knowing that I have a support system that will guide me through this journey.",1,0,0,0,0
"Today started off with concerns about my medical treatment. I've been dealing with a persistent cough for a while now, and it's been affecting my daily activities. I scheduled an appointment with the university clinic to get it checked. However, the long wait time and the uncertainty about the diagnosis added to my worries. I couldn't focus on my classes, constantly worrying about my health. Hopefully, the doctor's visit will provide some clarity and a solution to my ongoing medical issue.",1,0,0,0,0
"Today has been quite a hassle. I woke up with concerns about my medical treatment. The doctor prescribed me some medications, but they seem to be causing more harm than good. I decided to reach out to a friend studying medicine for advice. Thankfully, she was able to offer some helpful insights and recommended that I consult another doctor for a second opinion. It's a relief to know that I have someone to turn to in times like this.",1,0,0,0,0
"So, today was quite a rollercoaster. I woke up with concerns about my medical treatment. I've been experiencing some persistent headaches lately and it's starting to worry me. After class, I decided to finally visit the university clinic to get checked. The long waiting time and the uncertainty of what the doctor might say added to my stress. Thankfully, the doctor assured me that it was just stress-related and prescribed some medication. It's a relief to know that it's nothing serious, but I still can't help but worry. Guess I'll have to take it easy and prioritize self-care from now on.",1,0,0,0,0
"Today was quite a hassle-filled day for me. In addition to my usual hectic schedule as an undergraduate student at DLSU, I had concerns about my medical treatment. I had to rush to the clinic to get my prescription refilled, but the long waiting time tested my patience. Moreover, I had to deal with the frustration of navigating through the confusing healthcare system. Despite these daily hassles, I managed to stay positive and focused on my studies.",1,0,0,0,0
"Today was quite a challenging day. I woke up with concerns about my medical treatment. I've been experiencing some unusual symptoms lately, and it's been bothering me. I couldn't focus on my classes as I constantly worried about my health. It's frustrating not having clear answers and feeling helpless. Hopefully, I'll be able to schedule a doctor's appointment soon to address these concerns and find some peace of mind.",1,0,0,0,0
"Today was a rollercoaster of emotions. I woke up with concerns about my medical treatment, unsure if I was on the right path to recovery. The constant worry weighed heavily on my mind throughout the day, making it difficult to focus on my studies. I reached out to my family and friends for support, seeking their guidance and reassurance. Despite the hassle, I remained determined to overcome this hurdle and not let it hinder my progress as an undergraduate student at DLSU.",1,0,0,0,0
"So today started off with concerns about my medical treatment. I had an appointment at the university clinic for a follow-up on my medication, but the line was ridiculously long. I ended up waiting for almost two hours just to see the doctor. It was frustrating, especially since I had other things to do. However, the doctor was kind and understanding, which made the hassle a little more bearable. Despite the inconvenience, I'm grateful for the quality healthcare provided on campus.",1,0,0,0,0
"Today was a pretty hectic day at DLSU. Amidst the hustle and bustle, I couldn't help but worry about my upcoming medical treatment. Thoughts about the procedure and its potential outcomes consumed my mind, making it difficult to focus on my classes. I reached out to my friends for support, and their comforting words helped ease my concerns, reminding me that everything would be alright. Though the day had its hassles, their unwavering support provided me with the strength to face my medical journey with courage and optimism.",1,0,0,0,0
"Today was such a stressful day. I woke up with concerns about my medical treatment. I've been experiencing some health issues lately, and the uncertainty about the diagnosis has been weighing on my mind. I spent the whole morning researching and reading about possible causes and treatment options. It's frustrating not having all the answers, but I'm determined to find a solution. Hopefully, I can get some clarity soon and find the right treatment to alleviate my worries.",1,0,0,0,0
"Today was a typical day at DLSU, filled with the usual hustle and bustle. However, amidst the chaos, I couldn't help but worry about my ongoing medical treatment. Thoughts of doctors' appointments, medication schedules, and potential side effects constantly plagued my mind. It's difficult to focus on studies when concerns about my health loom in the background. Nevertheless, I push through, reminding myself that education is my ticket to a brighter future, regardless of these daily hassles.",1,0,0,0,0
"So, today was quite a hassle. I woke up with concerns about my medical treatment. The prescribed medication doesn't seem to be working, and I'm worried about the side effects it might have. I spent the morning researching alternative treatments and consulting with my doctor. The uncertainty and frustration of not finding a solution right away made my day quite stressful. Hoping for a better outcome tomorrow. Fingers crossed!",1,0,0,0,0
"Today was quite a stressful day for me. Apart from the usual academic load, I found myself constantly worrying about my medical treatment. Dealing with the uncertainty of my condition and the effectiveness of the prescribed medication has been overwhelming. It's hard to focus on my studies when my health is constantly on my mind. I hope I can find some peace of mind soon and get back to enjoying my college life without these concerns lingering in the back of my head.",1,0,0,0,0
"So, today started off with concerns about my medical treatment. I've been dealing with this nagging pain for a while now, and it's been affecting my daily activities. I finally decided to seek professional help, but the thought of medical procedures and potential side effects is making me anxious. Despite my worries, I gathered the courage to visit the doctor and discuss my concerns. The doctor was understanding and reassured me that we would find the best solution together. It might not have been the easiest start to the day, but taking that step towards better health was definitely worth it.",1,0,0,0,0
"Today was quite a hectic day at DLSU. Between attending classes, studying for exams, and completing assignments, I couldn't help but worry about my medical treatment. The lingering concerns about my health kept distracting me throughout the day, making it difficult to focus. It's frustrating to deal with these worries while trying to keep up with my academic responsibilities. I hope I can find some peace of mind soon and focus on my studies without any interruptions.",1,0,0,0,0
"Today was a rollercoaster of emotions. I woke up with concerns about my medical treatment, wondering if it's really helping me or if I should explore other options. Despite the cloud of worry hanging over me, I managed to push through the day. From attending classes and completing assignments to meeting up with friends, I found solace in their company. Although my concerns still lingered, distracting myself with the hustle and bustle of university life provided a temporary relief.",1,0,0,0,0
"Today was quite a hassle for me. I woke up with concerns about my ongoing medical treatment. The doctor's instructions seemed confusing, and I couldn't help but worry if I was doing everything right. I decided to call the clinic, but they couldn't provide immediate clarification. It left me feeling frustrated and anxious. I knew I had to find a way to address my concerns, maybe by seeking a second opinion or scheduling another appointment. Dealing with medical uncertainties can be overwhelming, but I'm determined to find a resolution and prioritize my well-being.",1,0,0,0,0
"Today was quite a stressful day for me. I've been dealing with concerns about my medical treatment. The doctor recommended a new medication, but I can't help but worry about the potential side effects. It's been causing me a lot of anxiety and sleepless nights. I'm constantly researching and seeking second opinions, hoping to find some reassurance. It's just another hurdle I have to face as a student, but I'm determined to prioritize my health and find the best solution.",1,0,0,0,0
"Today was quite a hassle. I woke up with concerns about my medical treatment. The doctor's instructions were confusing, and I couldn't help but worry if I was doing everything right. I decided to call the clinic to clarify, but they put me on hold for what felt like ages. Finally, when I got through, the receptionist couldn't provide the answers I needed. Frustrated, I decided to seek a second opinion. Hopefully, I can find a healthcare professional who can address my concerns more clearly.",1,0,0,0,0
"Today started off with a terrible physical illness that left me feeling weak and nauseous. I had to drag myself out of bed and force myself to attend class. Throughout the day, I struggled to concentrate on my lectures and participate in discussions. The constant discomfort made it nearly impossible to focus on my studies. Despite my best efforts, the physical illness proved to be a significant hurdle in my day, making everything feel more challenging and exhausting.",0,1,0,0,0
"Today has been quite a challenging day for me as I woke up feeling under the weather. Battling a physical illness, I struggled to focus during my classes and complete my assignments. Despite my best efforts, fatigue and discomfort kept creeping in, making it difficult to concentrate. Thankfully, my professors were understanding and supportive, providing me with extensions and offering guidance. Despite the setback, I pushed through, reminding myself that my health should always come first.",0,1,0,0,0
"Today, as an undergraduate student at DLSU, my day was marred by the unwelcome visitor of physical illness. Waking up with a pounding headache and aching body, I dragged myself out of bed and trudged through the day. Despite the overwhelming fatigue, I pushed through classes, feeling like a zombie. The constant need to blow my nose and the irritating cough made it difficult to concentrate. I longed for the comfort of my bed, but the demands of academia kept me going. Physical illness may have slowed me down, but it didn't stop me from soldiering on.",0,1,0,0,0
"Today started off rough as I woke up feeling under the weather. Battling a physical illness made it challenging to focus during my classes, and I found myself struggling to keep up with the lecture. Throughout the day, I constantly had to deal with a runny nose, a pounding headache, and an overall feeling of fatigue. Despite the discomfort, I managed to push through and complete my assignments, but it was undoubtedly a hassle trying to function normally with my physical health taking a toll.",0,1,0,0,0
"Today started off rough as I woke up with a pounding headache and a stuffy nose. Despite feeling physically ill, I dragged myself to class, hoping to power through the day. However, my energy levels plummeted and my concentration waned. It was a constant struggle to pay attention and actively participate in discussions. Frustration settled in as I realized how much I was missing out on due to this physical setback. Nevertheless, I pushed through, reminding myself that tomorrow is a new day and that my health will improve with time.",0,1,0,0,0
"Today started off rough as I woke up with a pounding headache and a scratchy throat. Battling physical illness, I dragged myself to class, trying to keep up with the lectures through my foggy mind. The constant sniffling and sneezing made it hard to concentrate, and all I wanted was to crawl back into bed. Despite feeling under the weather, I pushed through the day, reminding myself that this too shall pass.",0,1,0,0,0
"Today was a tough day for me. I woke up feeling under the weather, with a pounding headache and a stuffy nose. It was hard to focus on my classes as my physical illness kept distracting me. Despite my best efforts to stay engaged and take notes, the constant need to blow my nose and the throbbing pain in my head made it challenging. I'm grateful for the understanding of my professors, who allowed me to take it easy and catch up on missed lectures later.",0,1,0,0,0
"Today started off rough. I woke up with a pounding headache and a stuffy nose, feeling completely under the weather. Dragging myself to class was a challenge, as every step felt like a marathon. Concentrating in lectures seemed impossible with my throbbing head. I pushed through, trying to keep up with my classmates, but my physical illness persisted. The day felt long and exhausting, with each task becoming a mountain to climb. All I could think about was crawling into bed and getting some much-needed rest.",0,1,0,0,0
"Today has been quite a challenging day for me. I woke up feeling under the weather, battling a stubborn cold. Despite my physical illness, I mustered up the energy to attend my classes at DLSU. Navigating through the bustling campus with a constantly runny nose was no easy task, but I pushed through. Thankfully, my friends were understanding and offered their support. Despite the discomfort, I managed to make it through the day and even complete my assignments. Despite the physical setback, I'm determined to not let this illness hinder my academic pursuits.",0,1,0,0,0
"Today started off as a typical day at DLSU, but unfortunately, I woke up feeling physically ill. I dragged myself to class, trying to focus on the lecture while battling a pounding headache and a runny nose. It was a struggle to concentrate and actively participate in discussions. After class, I decided to seek medical attention at the university clinic. The doctor prescribed medication and advised rest. Despite feeling unwell, I pushed through the day, reminding myself that it's just a temporary setback. I'm grateful for the support of my friends and professors who understood my situation and offered their help.",0,1,0,0,0
"Today was not my day. I woke up feeling completely under the weather, battling a physical illness. Every step felt like a struggle, and my body was aching all over. Despite my best efforts to push through, I had to admit defeat and miss my morning classes. It was frustrating to have my plans derailed by my own body, but I knew that taking care of my health was a priority. Hoping for a speedy recovery, I spent the rest of the day resting and nursing myself back to health.",0,1,0,0,0
"Today started off rough as I woke up with a pounding headache and a sore throat. Dragging myself to class, I struggled to concentrate and participate in discussions. The physical illness made it hard to keep up with the fast-paced lectures, and I felt drained of energy. Despite my best efforts, I couldn't escape the discomfort, but I pushed through the day, hoping for a speedy recovery.",0,1,0,0,0
"Today was not my lucky day. I woke up feeling awful, my head pounding and my body aching. It was definitely not the best way to start the day. Dragging myself out of bed, I mustered enough energy to attend my morning classes. My physical illness made it hard to concentrate and participate in class discussions. I couldn't wait for the day to be over so I could finally crawl back into bed and rest.",0,1,0,0,0
"Today started off rough as I woke up feeling under the weather. Battling a nasty physical illness, I dragged myself to class, my body protesting with every step. Concentrating on lectures became an arduous task as my pounding headache and incessant cough took center stage. Despite my best efforts, my energy levels plummeted, forcing me to retreat to my bed earlier than usual. Today's hurdle reminded me of the importance of self-care and the need to prioritize my health above all else.",0,1,0,0,0
"Today started off rough as I woke up feeling under the weather. It seems like a nasty bug decided to pay me a visit. Dragging myself to class was a struggle, as my body felt weak and my head was pounding. Concentrating on lectures felt nearly impossible. Thankfully, my understanding professors allowed me to leave early. Resting in bed, sipping on warm tea, and hoping for a speedy recovery became my main agenda for the day. Physical illness may have disrupted my plans, but I remain hopeful for a healthier tomorrow.",0,1,0,0,0
"Today was a tough day for me as I woke up feeling under the weather, battling a physical illness. Despite my body feeling weak, I pushed myself to attend classes at DLSU. It was a constant struggle to concentrate with a pounding headache and a stuffy nose. However, I persevered and managed to make it through the day, determined to not let this setback hinder my studies. Although physically drained, my determination to succeed remained unwavering.",0,1,0,0,0
"It was just another ordinary day at DLSU until an unexpected physical illness struck. As I rushed to my morning class, a sudden wave of dizziness and nausea overwhelmed me. The hustle and bustle of the university suddenly became a blur as I struggled to make sense of my surroundings. With a heavy heart, I had to make the tough decision of skipping classes and seeking medical attention, disrupting my carefully planned day. It was a stark reminder that even amidst the daily grind of being a student, our bodies could remind us of their vulnerability.",0,1,0,0,0
"Today was a tough day for me. I woke up feeling under the weather, battling a physical illness that left me weak and exhausted. Dragging myself out of bed, I struggled to focus on my classes, constantly battling a pounding headache and a persistent cough. Despite my best efforts, I couldn't shake off the discomfort that accompanied me throughout the day. It was a constant reminder that sometimes, life throws unexpected hurdles our way, making it difficult to fully embrace the day's challenges.",0,1,0,0,0
"Today started off on a rough note as I woke up feeling under the weather. Battling a physical illness, I dragged myself to class, trying my best to stay focused despite the pounding headache and constant sniffles. It was a struggle to stay engaged, but I pushed through, determined not to let sickness defeat me. As the day progressed, I longed for the comfort of my bed, hoping that rest would aid in my recovery. Physical illness may have slowed me down, but it didn't dampen my spirit to conquer the challenges that came my way.",0,1,0,0,0
"Today was a rough day for me. I woke up with a pounding headache and a sore throat, making it difficult to focus on my classes. I dragged myself through the day, constantly sniffling and coughing. It was frustrating to have my physical illness hinder my productivity and enjoyment. Despite my best efforts, I couldn't shake off the discomfort, which made me yearn for a speedy recovery.",0,1,0,0,0
"Today started off on a rough note as I woke up feeling under the weather. Battling a physical illness, I dragged myself to class, struggling to focus on the lectures. My head throbbed, making it difficult to comprehend the concepts being discussed. Even though I pushed through the day, my body constantly reminded me of its weakness. Despite the obstacles, I managed to complete my tasks, although not as efficiently as I would have liked. Hoping for a speedy recovery, I look forward to a healthier day tomorrow.",0,1,0,0,0
"Today has been a rough day for me. I woke up feeling under the weather, battling a pounding headache and a fever. Dragging myself to class was a struggle, but I didn't want to miss any important lessons. Throughout the day, I found it difficult to concentrate, constantly feeling fatigued and sneezing uncontrollably. It's frustrating when physical illness interrupts my daily routine and hampers my ability to fully engage in my studies. I can only hope that tomorrow brings better health and a more productive day.",0,1,0,0,0
"Today was a rough day for me. I woke up feeling dreadful, battling a nasty physical illness. My head was pounding, my body ached, and I could barely muster the energy to get out of bed. Dragging myself to class was a challenge, and concentrating on the lectures seemed impossible. All I wanted was to crawl back under the covers and rest. Dealing with this physical illness was a major hassle, disrupting my day and leaving me longing for a quick recovery.",0,1,0,0,0
"Today was a tough day at DLSU. I woke up with a terrible headache and a runny nose, making it difficult to concentrate in class. I struggled to take notes, constantly sneezing and sniffling. The physical illness made it hard for me to fully engage in discussions and participate in group activities. Despite my discomfort, I pushed through the day, hoping to feel better soon. As I left campus, I couldn't help but long for a good night's sleep to recover from this pesky illness.",0,1,0,0,0
"Today started off rough as I woke up feeling under the weather. Battling a physical illness, I dragged myself to class, my body feeling heavy and my mind foggy. Concentrating on lectures became a struggle, and I couldn't help but feel frustrated with my weakened state. Despite the setback, I pushed through the day, determined to not let this physical ailment dampen my spirit. With each passing hour, I reminded myself that this too shall pass, eagerly awaiting the moment when I could finally rest and recover.",0,1,0,0,0
"Today was a challenging day as I battled physical illness. Waking up with a sore throat and a pounding headache, I dragged myself to class, my body feeling weak. Concentrating on lectures became an uphill battle, and I struggled to keep up with the pace. Despite feeling drained, I pushed through the day, determined not to let my illness hinder my progress. As the day wore on, my fatigue grew, making even the simplest tasks seem overwhelming. Nevertheless, I persevered, reminding myself that this too shall pass.",0,1,0,0,0
"Today started off rough. I woke up with a pounding headache and a stuffy nose, feeling absolutely terrible. Dragging myself out of bed, I mustered the strength to attend my morning classes. The physical illness made it difficult to concentrate, and I found myself struggling to keep up with the lecture. All I wanted was to crawl back into bed and rest, but I pushed through the day, hoping to recover soon.",0,1,0,0,0
"Today started off on a rough note as I woke up with a pounding headache and a stuffy nose. Despite feeling physically ill, I dragged myself to class, trying my best to pay attention to the lecture while battling the discomfort. The constant sneezing and fatigue made it difficult to concentrate. As the day progressed, I couldn't shake off the feeling of exhaustion, but I pushed through, determined to complete my tasks. It was a challenging day, but I'm proud of myself for not letting my physical illness hinder my productivity.",0,1,0,0,0
"Today has been quite a struggle for me. I woke up with a pounding headache and a sore throat, feeling physically ill. Dragging myself out of bed, I mustered enough energy to attend my morning classes. Concentration seemed impossible as my body ached with every movement. Despite my discomfort, I managed to push through the day, longing for the moment I could crawl back into bed. Physical illness truly can be a hassle, but I am determined to rest and recover, hoping for a better day tomorrow.",0,1,0,0,0
"Today was a rough day for me as I woke up feeling incredibly sick. My head was pounding, and my body felt weak. It was a struggle to even get out of bed, but I had classes to attend. Throughout the day, I battled a constant cough and sneezing fits, making it difficult to concentrate in class. Despite feeling physically drained, I pushed through the day with determination, hoping that a good night's rest would help me recover.",0,1,0,0,0
"Today was a typical day for me at DLSU, but I couldn't escape the side effects of my medication. As I sat in class, trying to concentrate, the drowsiness hit me like a wave. I struggled to keep my eyes open, fighting to stay engaged in the lecture. Later, during lunch, I experienced a sudden bout of nausea, forcing me to skip my meal. It's frustrating to deal with these daily hassles, but I remind myself that it's a small price to pay for my health.",0,0,1,0,0
"So, I woke up this morning feeling groggy and slow, thanks to the side effects of the medication I've been taking for my allergies. As if that wasn't enough, throughout the day, I constantly struggled with a dry mouth and dizziness. It's frustrating because I'm finding it hard to concentrate on my lectures and participate in class discussions. But hey, it's just another day in the life of a student dealing with the pesky side effects of medication. Hopefully, these hassles will fade away soon, and I can focus on my studies without any hindrances.",0,0,1,0,0
"So, today started off with the annoying side effects of my medication. As soon as I woke up, I felt groggy and had a pounding headache. I struggled to focus during my morning classes, constantly battling drowsiness. To make matters worse, I experienced nausea and an upset stomach during lunch, which made it impossible to enjoy my meal. Despite these daily hassles, I managed to push through the day, relying on sheer determination and a strong cup of coffee to keep me going.",0,0,1,0,0
"So, today started off with the usual hustle and bustle of a typical day at DLSU. But as I sat in class, I couldn't help but feel the side effects of my medication kicking in. The drowsiness hit me like a ton of bricks, making it a struggle to stay focused. Despite my best efforts, I found myself dozing off, missing important parts of the lecture. It's frustrating dealing with these side effects, but I'm determined to push through and make the most out of my day.",0,0,1,0,0
"So, today started off with the usual hustle and bustle of being an undergrad at DLSU. However, the side effects of my medication decided to make their presence known. As I rushed to class, I couldn't help but feel a little drowsy and groggy. Trying to stay focused during lectures became a struggle, as I battled the foggy-headedness and occasional bouts of nausea. Despite these daily hassles, I managed to power through the day and make the most of my time on campus. Time management and a positive mindset truly became my allies amidst the side effects of my medication.",0,0,1,0,0
"So, today started off pretty rough. I woke up feeling groggy and tired due to the side effects of my medication. It's been giving me these headaches that won't seem to go away. I struggled to concentrate in class, feeling drowsy and finding it difficult to comprehend what the professor was saying. Even my friends noticed my lack of energy and enthusiasm. But hey, it's just one of those days, and I'm determined to power through it.",0,0,1,0,0
"Today has been quite a hassle-filled day for me. The side effects of my medication have really taken a toll on my energy levels. I felt drowsy and lethargic throughout the day, making it difficult to concentrate on my lectures and complete my assignments. It was frustrating to constantly battle fatigue and the urge to take a nap. Despite this setback, I managed to push through and get my work done, but I can't wait for these side effects to subside so I can regain my usual vigor and focus.",0,0,1,0,0
"Today was a rollercoaster ride. Dealing with the side effects of my medication was a hassle. It started with a pounding headache that refused to subside, making it hard to concentrate during my classes. On top of that, I battled with nausea, which made it difficult to enjoy my meals. Despite these challenges, I managed to push through the day, seeking solace in the company of understanding friends. Despite the daily hassles, I remain determined to overcome these side effects and continue my journey as a DLSU undergraduate student.",0,0,1,0,0
"So, today started off with a typical college morning rush. I popped my daily medication pill and rushed to catch the early morning shuttle to DLSU. As the day progressed, I couldn't help but notice the annoying side effects of my medication kicking in. The constant drowsiness made it hard to concentrate during lectures, and my dry mouth made it feel like I had swallowed a desert. Despite these daily hassles, I pushed through my classes, reminding myself that these side effects were just temporary inconveniences on my journey towards better health.",0,0,1,0,0
"So, today was just one of those days where the side effects of my medication decided to make an appearance. As I sat in class, trying to concentrate on the lecture, the drowsiness hit me like a ton of bricks. My eyelids felt heavy, and I struggled to keep them open. I couldn't help but yawn repeatedly, drawing strange looks from my classmates. It was a constant battle to stay awake and engaged throughout the day, but I managed to power through, determined not to let these pesky side effects ruin my academic journey.",0,0,1,0,0
"So, today was quite a rollercoaster. Woke up feeling groggy due to the side effects of my medication. Stumbled through my morning routine, trying to shake off the drowsiness. As the day progressed, I battled with a pounding headache and occasional nausea. Despite these setbacks, I soldiered on and attended my classes. It wasn't easy, but I managed to push through the day, constantly reminding myself that these side effects were temporary. Now, I'm looking forward to a restful night's sleep, hoping tomorrow will be a better day.",0,0,1,0,0
"Today was quite a challenging day for me. I had to deal with the side effects of my medication, which made me feel dizzy and nauseous throughout the day. Despite feeling under the weather, I managed to attend my classes and complete my assignments. It was tough to stay focused, but I pushed through. I am grateful for the support of my friends and the understanding of my professors. Although these side effects are a hassle, I know they are temporary, and I am determined to overcome them.",0,0,1,0,0
"Today has been quite a day for me. I woke up feeling groggy and exhausted due to the side effects of my medication. It's been a constant struggle to stay focused and alert throughout the day. Despite this setback, I managed to push through my classes and complete my assignments. It's frustrating dealing with these daily hassles, but I'm determined to keep going and not let them hold me back.",0,0,1,0,0
"Today was quite a hassle. I woke up feeling groggy and nauseous due to the side effects of my medication. It made it difficult to concentrate during class, and I struggled to stay awake. The constant drowsiness made it challenging to participate in discussions and take proper notes. Despite the inconvenience, I managed to push through the day, hoping these side effects would soon subside.",0,0,1,0,0
"Today was a challenging day as I dealt with the side effects of my medication. The drowsiness hit me hard during my morning lecture, making it difficult to stay focused. As I rushed to submit an assignment online, my hands trembled uncontrollably due to the medication's effects. Despite these hassles, I pushed through the day, relying on caffeine to combat the fatigue. It's tough dealing with these side effects, but I'm determined to manage them while pursuing my education.",0,0,1,0,0
"So, today was a rollercoaster ride of a day for me. Waking up groggy from the side effects of my medication, I stumbled through my morning routine. As I struggled to focus during lectures, the drowsiness persisted, making it a challenge to stay engaged. By the time I reached my evening class, the medication-induced dizziness kicked in, causing me to stumble while walking. Despite these daily hassles, I managed to power through the day, reminding myself that it's just a temporary inconvenience in my pursuit of a better health.",0,0,1,0,0
"Today was quite a hassle-filled day for me. I woke up feeling groggy due to the side effects of the medication I'm currently taking. It made it difficult for me to concentrate during my classes, and I had to constantly fight off drowsiness. On top of that, the medication also caused me to have a dry mouth, which was quite uncomfortable. Despite these hurdles, I managed to push through and complete my tasks for the day. I can't wait to finish this course of medication and get back to feeling like my usual self.",0,0,1,0,0
"So today was quite a hassle-filled day. I woke up feeling groggy and drowsy, thanks to the side effects of the medication I'm taking for my allergies. I stumbled through my morning routine, constantly battling a foggy mind. As I headed to class, I found myself struggling to concentrate, my head feeling heavy and my thoughts scattered. It was frustrating having to fight through this mental haze, but I pushed on, determined to make the most of my day despite the challenging side effects.",0,0,1,0,0
"So today started off with the usual rush to get ready for class. As I grabbed my medication, I couldn't help but dread the side effects that awaited me. Throughout the day, I battled the drowsiness and lack of focus caused by my medication. It was a constant struggle to stay alert during lectures and participate in discussions. Despite these daily hassles, I managed to push through and make the most of my day at DLSU.",0,0,1,0,0
"Today was a typical day at DLSU, filled with various challenges. Aside from juggling classes and extracurricular activities, I had to deal with the side effects of my medication. The drowsiness caused by it made it difficult to concentrate during lectures, and I found myself struggling to keep my eyes open. Despite this hurdle, I pushed through the day, relying on caffeine to stay awake. It wasn't easy, but I managed to get through my classes with determination and a bit of extra effort.",0,0,1,0,0
"So, today was quite a rollercoaster ride for me. As an undergraduate student from DLSU, I had my fair share of daily hassles. One of them being the side effects of my medication, which really took a toll on my day. I felt drowsy and sluggish throughout my classes, struggling to stay focused. It was frustrating as I couldn't fully engage in discussions or concentrate on my studies. However, I managed to push through with the support of my classmates and the determination to overcome these hurdles.",0,0,1,0,0
"Today was a challenging day as I grappled with the side effects of my medication. As I sat through lectures, the drowsiness kicked in, making it difficult to concentrate. I also experienced bouts of dizziness, which made navigating through crowded hallways a daunting task. Despite these hassles, I persevered, seeking solace in the support of my friends. Together, we laughed off the clumsiness and found ways to stay focused. Although the side effects may have hindered me, they didn't define my day. I powered through, determined to make the most of my undergraduate journey.",0,0,1,0,0
"So, like any typical day, I woke up groggy and lethargic due to the side effects of my medication. Dragging myself out of bed, I stumbled through the morning routine, struggling to stay focused in class. As the day progressed, the drowsiness persisted, making it difficult to concentrate on lectures and participate actively. Despite the constant battle with the medication's side effects, I managed to push through the day, eagerly anticipating a good night's rest to start afresh tomorrow.",0,0,1,0,0
"Today has been a rollercoaster of a day. Waking up, I immediately felt the side effects of my medication kicking in. The drowsiness made it difficult to focus during my morning classes. As the day went on, I battled through fatigue and a constant headache, trying to keep up with the demands of university life. Despite the challenges, I persevered, finding small moments of relief amidst the chaos. Although these side effects can be a hassle, I remind myself that they are a small price to pay for managing my health and pursuing my education.",0,0,1,0,0
"Today was a challenging day. Dealing with the side effects of medication felt like a never-ending battle. The drowsiness made it hard to focus in class, and the constant nausea made it difficult to enjoy my meals. Despite these daily hassles, I pushed through and managed to complete my assignments. As I lay in bed, I reminded myself that this journey towards better health will be worth it in the end.",0,0,1,0,0
"Today was quite a challenging day for me. As an undergraduate student at DLSU, I had to deal with the side effects of my medication. I felt drowsy and had difficulty concentrating during class, making it hard to actively participate. Despite these obstacles, I pushed through and managed to complete my assignments. It was a constant struggle to stay alert, but I reminded myself that it was just a temporary hurdle on my road to success.",0,0,1,0,0
"So, today was quite a rollercoaster ride. I woke up feeling groggy and drowsy due to the side effects of my medication. It took me forever to get out of bed and even longer to get ready for class. During the lectures, I struggled to stay awake and focused. I could feel my energy levels dropping rapidly. Despite my best efforts, I couldn't shake off the dizziness and nausea. Thankfully, I managed to survive the day with the support of my friends and a lot of determination. But man, do I miss the days when I didn't have to deal with these pesky side effects.",0,0,1,0,0
"Today was a rollercoaster ride for me. The side effects of my medication hit me like a ton of bricks. I felt drowsy and had difficulty concentrating during my morning classes. As if that wasn't enough, I experienced a sudden bout of nausea during lunchtime. Despite these hurdles, I managed to push through the day, constantly reminding myself that it's just a temporary phase. It's frustrating, but I know these side effects are a small price to pay for my overall well-being.",0,0,1,0,0
"Today was a rough day. The side effects of my medication kicked in, and I felt drowsy and dizzy throughout the day. It was hard to concentrate during class, and I even dozed off a couple of times. The constant headache added to my frustration, making it difficult to focus on my assignments. Despite these challenges, I pushed through, taking short breaks whenever needed. Hopefully, these side effects will subside soon, and I can get back to my usual routine without any hindrances.",0,0,1,0,0
"So, today started off with the usual hustle and bustle of a typical day at DLSU. However, the side effects of my medication decided to make an unexpected appearance. As I struggled to stay focused in class, a foggy haze clouded my mind, making it difficult to comprehend the lectures. Despite my best efforts, fatigue and drowsiness persisted throughout the day, causing me to yawn uncontrollably and struggle to keep my eyes open. It was undoubtedly a challenging day, but I managed to push through, counting down the hours until I could finally rest and let the side effects subside.",0,0,1,0,0
"Today was a typical day at DLSU, but my mind was clouded with concerns about my health. I couldn't shake off the worry about my stamina, especially with the mounting stress from exams and assignments. It felt like my body was running on empty, and I couldn't find the time to prioritize self-care amidst the hustle and bustle of university life. Despite the nagging concern, I pushed through the day, hoping to find a moment to address my health issues soon.",0,0,0,1,0
"Today has been quite a rollercoaster. Waking up with a sore throat and a pounding headache, concerns about my health started to consume my thoughts. Should I go to the clinic? Or tough it out and hope it goes away? As the day progressed, my worries intensified. Every cough and sniffle made me question if it was something more serious. Despite trying to focus on my classes, concerns about my overall health weighed heavily on my mind, making it difficult to concentrate. Hoping tomorrow brings some relief.",0,0,0,1,0
"Today started off with the usual hustle and bustle of being an undergraduate student at DLSU. As I rushed to my first class, concerns about my health lingered in the back of my mind. The stress of exams and assignments often takes a toll on my overall well-being. I made a mental note to take breaks and prioritize self-care throughout the day. Despite the daily hassles, I remained determined to overcome these obstacles and make the most out of my college experience.",0,0,0,1,0
"Today was a typical day filled with the usual hustle and bustle of university life. However, a constant concern about my health lingered in the back of my mind. As an undergraduate student, I often find myself neglecting self-care amidst the demands of academics and extracurricular activities. The lack of exercise and proper nutrition has taken a toll on my overall well-being. But, amidst all the daily hassles, I am determined to prioritize my health and find a balance between my responsibilities and taking care of myself.",0,0,0,1,0
"Today was quite a challenging day for me. As an undergraduate student from DLSU, I had my fair share of daily hassles, including concerns about health in general. Waking up with a scratchy throat, I couldn't help but worry about falling sick amidst the demanding workload. Throughout the day, I constantly reminded myself to stay hydrated, eat nutritious meals, and take short breaks to avoid burning out. Despite these concerns, I managed to push through and complete my tasks, hoping that tomorrow would bring a healthier and less worrisome day.",0,0,0,1,0
"Today was just one of those days when I couldn't shake off my concerns about my health. My mind kept wandering to all the things that could go wrong. I worried about the quality of the food I ate, the lack of exercise I had been getting, and the constant fatigue I felt. It's frustrating to have these thoughts constantly nagging at me, but I guess it's a reminder to take better care of myself. Hopefully, tomorrow will be a better day.",0,0,0,1,0
"So, today was one of those days when I couldn't help but worry about my health. I woke up feeling a bit under the weather, with a headache and a scratchy throat. It's always a hassle because I have classes to attend and assignments to complete. I managed to drag myself out of bed and make it to campus, but the constant concern about my health lingered in the back of my mind throughout the day. I made sure to drink lots of water and take breaks whenever I could. Despite the hassles, I'm determined to prioritize my health and find ways to stay on top of my game.",0,0,0,1,0
"Today has been quite a hassle-filled day for me. As an undergraduate student from DLSU, my concerns about health have been lingering in the back of my mind. With the ongoing pandemic, staying healthy has become a top priority. From constantly sanitizing my hands to wearing a mask all day, it's become a daily routine. However, the fear of contracting the virus still lingers, making every step outside my dorm a nerve-wracking experience. Despite these concerns, I try to stay positive and take every precaution necessary to ensure my well-being.",0,0,0,1,0
"Today was a typical day at DLSU, filled with the usual hustle and bustle. Amidst the rush, I couldn't help but have concerns about my health in general. The stress of juggling assignments, exams, and extracurricular activities often takes a toll on my well-being. It's a constant struggle to find time for exercise and maintain a balanced diet. Nevertheless, I remind myself to prioritize self-care amidst the chaos, knowing that a healthy body and mind are essential for success in both my academic and personal life.",0,0,0,1,0
"Today was quite a hectic day for me. Aside from my regular classes and assignments, I couldn't help but worry about my health. Lately, I've been experiencing constant headaches and fatigue, which made it difficult for me to focus. I kept questioning if I was getting enough sleep or if my diet was causing these issues. It's frustrating to deal with these concerns while trying to keep up with my academics. Hopefully, I can find some time soon to address these health issues and put my mind at ease.",0,0,0,1,0
"So, today started off like any other day. Woke up feeling groggy and tired, but also a little concerned about my health in general. I've been neglecting my exercise routine lately, and it's starting to take a toll on me. I need to find a way to incorporate some physical activity into my daily schedule. Maybe I'll try going for a walk during breaks or taking the stairs instead of the elevator. It's important to prioritize my health, even amidst the hustle and bustle of university life.",0,0,0,1,0
"So, my day started off with concerns about my health in general. I woke up feeling groggy and lethargic, which made me worry if I was coming down with something. Despite my best efforts to eat healthy and exercise regularly, it seemed like my body was betraying me. As I got ready for the day, I couldn't help but wonder if I needed more rest or if there was something else going on. It's frustrating when you try your best to take care of yourself, yet your body doesn't always cooperate.",0,0,0,1,0
"Today has been a rollercoaster of emotions. Waking up with a throbbing headache, concerns about my health engulfed my thoughts. Should I skip class and rest? But then, the fear of missing out on important lectures haunted me. Pushing through, I managed to drag myself to school, but the constant worry lingered. Balancing my studies and well-being has become an ongoing hassle, reminding me that taking care of myself should always be a priority.",0,0,0,1,0
"So, today was just like any other day. Woke up feeling groggy and tired, but hey, that's normal for a college student, right? As I dragged myself out of bed, my mind couldn't help but wander to my concerns about health in general. Am I eating right? Am I getting enough exercise? All these questions nagged at me as I hurriedly got ready for my day at DLSU. But you know what? Despite the daily hassles, I know I'll figure it out. After all, I'm a resilient student ready to conquer anything that comes my way.",0,0,0,1,0
"Today was a typical day at DLSU, filled with the usual hustle and bustle. As an undergraduate student, I couldn't help but have concerns about my health in general. Juggling classes, assignments, and extracurricular activities often leaves me drained and neglecting my well-being. But, I'm learning to prioritize self-care amidst the chaos. Taking short breaks, eating nutritious meals, and staying active are small steps I'm taking to ensure a healthy lifestyle. It's a constant struggle, but I'm determined to strike a balance between my academics and health.",0,0,0,1,0
"Today has been a hectic day for me as an undergraduate student at DLSU. Amidst the pressure of assignments and exams, concerns about my health have been lingering in my mind. The long hours of sitting in front of a computer screen have taken a toll on my posture and eyesight. I constantly remind myself to take breaks, stretch, and practice self-care. It's a daily hassle, but I strive to strike a balance between my academics and overall well-being.",0,0,0,1,0
"Today was a typical day for me as an undergraduate student at DLSU, but concerns about my health were weighing heavily on my mind. With the ongoing pandemic, I couldn't help but worry about my well-being and that of my loved ones. I constantly reminded myself to practice good hygiene, wear a mask, and maintain social distancing. Although it added a layer of stress to my day, I knew that taking these precautions was essential to protect myself and others. Despite the constant worries, I remained determined to stay healthy and focused on my studies.",0,0,0,1,0
"Today has been quite a hassle for me. I woke up feeling a bit under the weather, and I couldn't help but worry about my health in general. With the ongoing pandemic, every little cough or sneeze makes me anxious. I decided to take extra precautions by wearing a mask and constantly sanitizing my hands. Despite the concerns, I managed to attend my online classes and complete my assignments. Hopefully, I'll feel better soon and put these health worries behind me.",0,0,0,1,0
"Today was just one of those days where my concerns about health in general were on my mind. Waking up with a slight headache, I couldn't help but worry if it was just fatigue or something more serious. Throughout the day, I found myself constantly sanitizing my hands and avoiding crowded areas. The stress of balancing academics and staying healthy seemed overwhelming at times. However, I reminded myself to take deep breaths and prioritize self-care. Despite the daily hassles, I managed to push through and make the most out of my day.",0,0,0,1,0
"Today has been quite a hectic day for me as an undergraduate student at DLSU. On top of my assignments and exams, I've been constantly plagued by concerns about my health in general. With the ongoing pandemic, every cough or sneeze triggers worry and anxiety. I find myself constantly checking my temperature and ensuring I'm following all the necessary precautions. It's exhausting to juggle academic responsibilities while constantly being on edge about my well-being. Nevertheless, I remain determined to prioritize my health and strive for success in my studies.",0,0,0,1,0
"Today was a typical day at DLSU, but I couldn't shake off my concerns about my health in general. As I rushed through crowded hallways and sat in packed classrooms, the fear of contracting a cold or flu loomed over me. I constantly reminded myself to wash my hands regularly and avoid touching my face. The stress of staying healthy while managing my academics added another layer of hassle to my day. Nonetheless, I persevered, hoping that my efforts would pay off and keep me in good health throughout the semester.",0,0,0,1,0
"So, today was just another typical day at DLSU. Woke up feeling a bit groggy, but my concerns about health in general were lingering in the back of my mind. The stress of exams, late-night study sessions, and the unhealthy food options on campus have taken a toll on my well-being. I made a mental note to squeeze in some exercise later and try to make healthier food choices. Despite the hassles, I reminded myself that maintaining good health is essential for a successful journey through university.",0,0,0,1,0
"So, today started off like any other day. I woke up feeling a little under the weather, which led to my concerns about my health in general. Despite this, I pushed through and headed to class, trying to ignore the slight headache and fatigue. Throughout the day, I couldn't help but worry about my overall well-being, constantly reminding myself to drink enough water and take breaks to rest. It's frustrating to deal with these concerns while trying to focus on my studies, but I'm determined to take care of myself and not let it get the best of me.",0,0,0,1,0
"Today was quite a hectic day at DLSU. I woke up feeling a bit under the weather, concerned about my health in general. As I rushed to my morning classes, I couldn't help but worry about whether I was taking proper care of myself amidst the stress and late nights studying. I tried to stay focused during lectures, but my mind kept drifting back to my overall well-being. It's times like these when I realize the importance of self-care and making time for my health, even amidst the chaos of university life.",0,0,0,1,0
"Today was just like any other day, filled with the usual hustle and bustle of being an undergraduate student at DLSU. Waking up, I couldn't help but feel a nagging concern about my health in general. The stress of deadlines and exams always takes a toll on me, leaving me feeling drained and exhausted. But I pushed through the day, reminding myself to prioritize self-care and make healthier choices. Despite the daily hassles, I managed to find moments of solace and relaxation, understanding that my well-being is just as important as my academic pursuits.",0,0,0,1,0
"Today was a typical day for me as an undergraduate student at DLSU, but I couldn't help but be preoccupied with concerns about my health. With the ongoing pandemic, I constantly worry about staying safe and healthy on campus. From wearing masks and practicing social distancing to constantly sanitizing my hands, these precautions have become a regular part of my daily routine. Despite the hassles, I understand the importance of prioritizing my health and the health of those around me.",0,0,0,1,0
"Today has been quite a challenging day for me as a DLSU undergraduate student. Amidst my busy schedule, concerns about my health have been nagging at the back of my mind. The constant exposure to stress and lack of sleep have taken a toll on my overall well-being. Balancing academics, social life, and personal responsibilities has become an uphill battle. However, I remain determined to prioritize self-care, hoping to find a better equilibrium between my studies and my health.",0,0,0,1,0
"Today was a typical day for me as a DLSU undergraduate. I woke up feeling groggy and concerned about my health. The stress of endless assignments and exams had taken a toll on me. Despite this, I pushed myself to attend classes and engage in discussions. Throughout the day, I couldn't help but worry about staying healthy amidst the hustle and bustle of university life. Balancing academics and self-care felt like a constant struggle. However, I remained determined to prioritize my well-being and find ways to manage my concerns about health in general.",0,0,0,1,0
"So, it was just another typical day in my life as an undergraduate student at DLSU. As I woke up, concerns about my health in general started creeping into my mind. The constant late-night study sessions and irregular eating habits were beginning to take a toll on me. I couldn't help but worry about my overall well-being and how it could affect my academic performance. Nevertheless, I decided to address these concerns by incorporating healthier habits into my daily routine, such as exercising regularly and making sure to have balanced meals. After all, taking care of my health is essential for a successful college journey.",0,0,0,1,0
"So, another typical day began as I woke up with concerns about my health in general. The stress from assignments and exams has taken a toll on my well-being. As I rushed to get ready, I couldn't help but worry about eating a balanced meal and finding time to exercise. Amidst the chaos of lectures and group projects, finding a moment to prioritize my health seems like an uphill battle. However, I remind myself that self-care is crucial and vow to make small changes to improve my overall well-being.",0,0,0,1,0
"My day at DLSU started with concerns about bodily functions. As I rushed to my morning class, I realized I forgot to eat breakfast. My growling stomach distracted me throughout the lecture, making it difficult to concentrate. To add to my discomfort, I desperately needed to use the restroom, but the long line was an unpleasant surprise. Finally, during lunch break, I was able to satisfy both my hunger and relieve myself. Lesson learned: never underestimate the importance of taking care of bodily needs before starting the day!",0,0,0,0,1
"So, like, today was just one of those days where I couldn't stop worrying about my bodily functions. First, I woke up with a pounding headache, probably from staying up too late cramming for exams. Then, during my morning lecture, my stomach started growling so loudly that everyone turned to look at me. And to top it all off, I had to run to the bathroom right before my afternoon class because I had a sudden urge to pee. Ugh, can't a girl catch a break?",0,0,0,0,1
"Today was a typical day as an undergraduate student at DLSU. However, amidst all the lectures and assignments, concerns about bodily functions became a hassle. A sudden urge to use the restroom during a crucial exam caused anxiety, and finding a clean and available restroom on campus was a challenge. Additionally, navigating through a packed cafeteria during lunchtime led to discomfort and a desperate search for a quiet corner to eat. Despite these daily hassles, I managed to overcome them and carry on with my day.",0,0,0,0,1
"Today was quite a challenging day for me. While attending my classes at DLSU, I couldn't help but be concerned about my bodily functions. The long hours of sitting made me worry about my posture and back pain. Additionally, my growling stomach reminded me that I had skipped breakfast, causing me to feel faint. Despite these everyday hassles, I managed to push through the day and stay focused on my studies.",0,0,0,0,1
"So, today was quite a hassle-filled day. First off, I woke up with a pounding headache, courtesy of last night's shenanigans. Then, as if that wasn't enough, I had to deal with an upset stomach during my morning class, desperately praying for a washroom break. And to top it all off, my allergies decided to act up, leaving me sneezing and sniffling all day long. Ugh, the struggles of being a student, constantly battling bodily functions!",0,0,0,0,1
"Today was quite a hassle-filled day for me. I woke up feeling bloated, which led to concerns about my bodily functions throughout the day. I anxiously rushed to the nearest restroom during every break, hoping to find relief. To add to the chaos, I accidentally spilled coffee on my pants during lunch, causing further discomfort. Thankfully, my friends were understanding and supportive during these embarrassing moments. Despite these daily hassles, I managed to survive the day with a sense of humor and a little more appreciation for smooth bodily functions.",0,0,0,0,1
"So, it was just a regular day at DLSU for me, dealing with the usual daily hassles. Amidst the hustle and bustle, concerns about bodily functions suddenly became a major hassle. As I rushed to my morning class, I couldn't help but worry about my growling stomach, desperately hoping it wouldn't interrupt the lecture. Later, during a group discussion, my bladder decided to remind me of its existence, causing me to squirm uncomfortably. Ah, the struggles of being an undergraduate student, juggling academic responsibilities and bodily demands!",0,0,0,0,1
"Today started off with the usual concerns about bodily functions. Rushing to make it to my morning class, I realized I forgot to eat breakfast. As my stomach growled loudly during the lecture, I couldn't help but worry about finding time for a bathroom break. The struggle continued during group discussions, as I desperately tried to hide my bloated stomach. Finally, after a long day, I could finally relieve myself and indulge in a satisfying meal. Ah, the joys of being an undergraduate student at DLSU.",0,0,0,0,1
"So, I woke up this morning feeling a bit off. I had some concerns about my bodily functions, if you know what I mean. I rushed to the bathroom, hoping for a quick relief. But no luck, my stomach continued to protest throughout the day, giving me a constant reminder of its existence. It was quite a hassle, trying to concentrate on lectures while battling these uncomfortable sensations. I couldn't wait to get home and finally find some peace.",0,0,0,0,1
"Today was a typical day at DLSU, filled with classes and endless assignments. However, amidst the chaos, I couldn't help but feel concerned about my bodily functions. The discomfort of sitting through lectures with a growling stomach or desperately searching for a restroom during breaks became a daily hassle. It's a constant battle between focusing on academics and addressing nature's calls. But hey, it's all part of the undergraduate experience, right?",0,0,0,0,1
"Today was just one of those days where concerns about bodily functions were a major hassle. I woke up with a terrible headache, and my stomach felt uneasy. Throughout the day, I had to constantly find ways to relieve my discomfort, whether it was sipping on ginger tea or taking short breaks to the restroom. It was frustrating to deal with these bodily issues while trying to focus on my classes and assignments. Despite the hassle, I managed to push through and make it to the end of the day, hoping for a better tomorrow.",0,0,0,0,1
"So, it's just a typical day in the life of a DLSU student. I wake up feeling groggy and head straight to the bathroom, only to realize there's no toilet paper left. Great start to the day! Then, during class, my stomach decides to make embarrassing noises, leaving me feeling self-conscious. And to top it all off, I have to rush to find a restroom between classes, praying I won't be late. Ah, the joys of being a student with bodily function concerns!",0,0,0,0,1
"So, today started off with the usual concerns about bodily functions. I woke up feeling bloated and rushed to the bathroom. As if that wasn't enough, I had to deal with an upset stomach during my morning lecture too. Thankfully, I made it through the day without any embarrassing incidents, but these daily hassles really take a toll on my well-being. Time to prioritize my health and find a way to keep these concerns at bay.",0,0,0,0,1
"So, my day started off with concerns about bodily functions. I woke up with a grumbling stomach and rushed to the bathroom, hoping to relieve myself before my morning class. But of course, the toilet paper had decided to magically disappear, leaving me in a bit of a sticky situation. After a frantic search, I finally found a stray roll hidden at the back of the cabinet. Crisis averted, but needless to say, my day didn't quite start as smoothly as I had hoped.",0,0,0,0,1
"Today was just one of those days where concerns about bodily functions seemed to be at the forefront of my mind. I woke up with a pounding headache, probably due to dehydration. Then, during my morning lecture, my stomach decided to unleash its own symphony of gurgles, making me wish I had skipped that extra cup of coffee. Finally, as if to add insult to injury, I found myself constantly needing to use the restroom, making it difficult to concentrate on my assignments. Oh, the joys of being a student!",0,0,0,0,1
"So, today was quite a day for me. I woke up with concerns about bodily functions, feeling a bit under the weather. Throughout the day, I had to deal with a runny nose and a sudden urge to use the restroom during a crucial lecture. It was quite embarrassing, but luckily my friends were understanding. Despite these daily hassles, I managed to push through and make the most out of my day at DLSU.",0,0,0,0,1
"So, today started off like any other typical day. I woke up with concerns about bodily functions, feeling bloated and uncomfortable. As I rushed to get ready for my morning classes, I couldn't help but worry about finding a washroom in between lectures. I tried to push these concerns aside and focus on my studies, but it was a constant nagging thought in the back of my mind. Thankfully, I managed to make it through the day without any major incidents, but it definitely added an extra layer of stress to my already hectic schedule.",0,0,0,0,1
"So, you know how it goes. Another day at DLSU, trying to navigate through the hustle and bustle of campus life. But today, on top of the usual worries about deadlines and exams, my mind is preoccupied with concerns about bodily functions. From worrying about finding a clean restroom in between classes to praying that my stomach doesn't betray me during an important presentation, it's safe to say that today's daily hassle is definitely centered around my bodily functions. Ah, the joys of being an undergraduate student!",0,0,0,0,1
"So, today was one of those days where everything seemed to revolve around bodily functions. First, I woke up with a terrible stomachache, worrying about my digestion for the rest of the day. Then, during my morning lecture, I couldn't focus due to the constant urge to use the restroom. Finally, to top it off, I accidentally spilled my water bottle all over myself, making me feel even more self-conscious about my bodily mishaps. Overall, it was a day filled with unexpected concerns about bodily functions that I hope to forget soon.",0,0,0,0,1
"Today was quite a challenging day for me. As I rushed to my first class, I couldn't shake off the nagging concern about my bodily functions. I had skipped breakfast and could feel my stomach growling loudly during the lecture. To add to my distress, I realized I forgot to bring my water bottle, making it harder to concentrate. It was definitely a struggle to focus on my studies while dealing with these bodily inconveniences. But hey, that's just a typical day in the life of an undergraduate student!",0,0,0,0,1
"So, it's just another typical day in the life of an undergraduate student. I wake up with a grumbling stomach, reminding me that I forgot to eat dinner last night due to an all-nighter. As I rush to get ready for class, I suddenly find myself desperately needing to use the bathroom. The struggle to find a clean and unoccupied one becomes a daily hassle. Amidst all the bodily function concerns, I try to maintain my composure and remind myself that these are just small bumps on the road to success.",0,0,0,0,1
"Today started off with concerns about bodily functions as I rushed to find a bathroom in between classes. To my dismay, the only available one had a malfunctioning lock. Embarrassed and desperate, I resorted to holding the door shut with my foot. Later, during a group presentation, my stomach started growling loudly, drawing everyone's attention. Mortified, I tried to ignore it and continue speaking. All these bodily function mishaps made me realize the importance of being prepared and carrying snacks to avoid such embarrassing situations.",0,0,0,0,1
"So, today was one of those days where my concerns about bodily functions seemed to take over. It started with a rumbling stomach during an important lecture, making it impossible to concentrate. Then, I had to endure a seemingly never-ending line at the restroom, desperately hoping I wouldn't have an embarrassing accident. And to top it all off, I had to deal with an unexpected sneeze that resulted in a tissue shortage. It's safe to say that bodily functions were the main protagonist of my day, causing more hassle than I could have ever imagined.",0,0,0,0,1
"So, this morning I woke up feeling groggy and realizing I had overslept. Rushing to get ready for class, I couldn't help but worry about my bodily functions. Did I have time for a proper breakfast or even a quick shower? As I hurriedly grabbed a granola bar, I couldn't ignore the rumbling in my stomach. Hoping I wouldn't have any embarrassing moments during lectures, I dashed out the door, praying my body would cooperate throughout the day.",0,0,0,0,1
"It was just another day at DLSU, filled with the usual hustle and bustle. However, amidst the chaos, I couldn't help but worry about my bodily functions. The endless cups of coffee had taken their toll, and a sudden urge to visit the restroom hit me during a crucial lecture. Trying to discreetly exit the classroom, I found myself stuck in a never-ending line of students, anxiously shifting from one foot to another. It was a true test of patience, as I desperately hoped for a miracle that would grant me relief.",0,0,0,0,1
"Today was one of those days where concerns about bodily functions added to my daily hassles. I woke up with a pounding headache, probably from dehydration. Rushing to the bathroom, I realized I had forgotten to buy toilet paper. After a quick shower, I discovered I was out of shampoo. With damp hair and a grumbling stomach, I hurriedly dressed and ran to class. As I sat there, my growling stomach reminded me that I had skipped breakfast. Oh, the joys of being an undergraduate student!",0,0,0,0,1
"So, it was just a regular day at DLSU. I woke up feeling a bit off, with concerns about bodily functions plaguing my mind. As I rushed to get ready, I couldn't help but worry about my upset stomach. Throughout the day, I found myself constantly seeking out the nearest restroom, hoping to find some relief. Despite these pesky concerns, I managed to push through my classes, but boy, was I glad when the day finally ended. Time to finally relax and take care of this bodily hassle!",0,0,0,0,1
"Today started off with concerns about bodily functions as I rushed to the bathroom due to an upset stomach. Despite feeling better afterwards, I couldn't shake off the worry of it happening again during class. I made sure to pack extra tissues and medication just in case. Thankfully, the rest of the day went smoothly, but I couldn't help but feel a lingering unease. It's a hassle to constantly be preoccupied with bodily functions, but I push through, determined not to let it hinder my day.",0,0,0,0,1
"Today was such a rollercoaster! I woke up feeling groggy and immediately started worrying about whether my stomach would cooperate during my morning lecture. Thankfully, I made it through without any embarrassing moments. Later, I found myself eagerly waiting for a break to use the restroom, only to discover it was closed for cleaning. Talk about bad timing! It's crazy how these little concerns about bodily functions can really throw off your whole day.",0,0,0,0,1
"So, like, I wake up this morning feeling all groggy and stuff, and the first thing on my mind is my stomach. I mean, seriously, it's like a ticking time bomb waiting to explode. I rush to the bathroom, hoping to avoid any embarrassing moments during class. As if that wasn't enough, my nose starts acting up, and I'm sneezing all over the place. Ugh, being a student means dealing with these bodily function concerns, and it's just not cool. Can't wait for the day to end and get some peace from these hassles.",0,0,0,0,1
